,2014,2015,2016,2017,2018,2019,2020,2021
10,6926,6924,7460,7733,7556,8429,8016,7948
11,307,331,358,353,357,427,408,413
111,288.2667713176551,317,343,339,345,420,402,408
1112,17.291007984436874,20.507964548569486,25.48192471555847,26.106883722375297,23.997125167016065,53.38734415576134,25.360765552818886,26.803142473168666
11121,17.291007984436874,20.507964548569486,25.48192471555847,26.106883722375297,23.997125167016065,53.38734415576134,25.360765552818886,26.803142473168666
111219,17.291007984436874,20.507964548569486,25.48192471555847,26.106883722375297,23.997125167016065,53.38734415576134,25.360765552818886,26.803142473168666
1113,243,260,269,266,280,289.9014524903658,255,251
11133,243,260,269,266,280,289.9014524903658,255,251
111335,214.19538255060004,207.21478697931337,241.72391974444116,205.88011586924736,217.4662875583561,265.8752034937139,102,90
111336,,,,,,,76.50000000000418,47.2735165362595
111339,28.80461744940003,52.785213020686726,27.276080255558956,60.11988413075271,62.53371244164398,24.02624899665186,76.49999999999582,113.72648346374052
1114,27.975763333218264,36.49203545143051,48.51807528444154,46.8931162776247,23.997125167016065,53.38734415576134,96.27846889436219,103.39371505366267
11142,27.975763333218264,36.49203545143051,48.51807528444154,46.8931162776247,23.997125167016065,53.38734415576134,96.27846889436219,103.39371505366267
111421,27.975763333218264,36.49203545143051,48.51807528444154,46.8931162776247,23.997125167016065,53.38734415576134,96.27846889436219,103.39371505366267
1119,,,,,17.00574966596787,23.32385919811145,25.360765552818886,26.803142473168666
11192,,,,,17.00574966596787,23.32385919811145,25.360765552818886,26.803142473168666
111920,,,,,17.00574966596787,23.32385919811145,25.360765552818886,26.803142473168666
112,0.0,3.5000000000000004,3.75,3.4999999999999996,4.0,3.4999999999982454,3.000000000001634,1.6666666666706527
1121,0.0,3.5000000000000004,3.75,3.4999999999999996,4.0,3.4999999999982454,3.000000000001634,1.6666666666706527
11211,0.0,,,,,,,
112111,0.0,,,,,,,
11212,,3.5000000000000004,3.75,3.4999999999999996,4.0,3.4999999999982454,3.000000000001634,1.6666666666706527
112120,,3.5000000000000004,3.75,3.4999999999999996,4.0,3.4999999999982454,3.000000000001634,1.6666666666706527
113,,3.5000000000000004,3.75,3.4999999999999996,4.0,0.0,,
1133,,3.5000000000000004,3.75,3.4999999999999996,4.0,0.0,,
11331,,3.5000000000000004,3.75,3.4999999999999996,4.0,0.0,,
113310,,3.5000000000000004,3.75,3.4999999999999996,4.0,0.0,,
114,,3.5000000000000004,3.75,3.4999999999999996,4.0,3.4999999999982454,3.000000000001634,1.6666666666706527
1142,,3.5000000000000004,3.75,3.4999999999999996,4.0,3.4999999999982454,3.000000000001634,1.6666666666706527
11421,,3.5000000000000004,3.75,3.4999999999999996,4.0,3.4999999999982454,3.000000000001634,1.6666666666706527
114210,,3.5000000000000004,3.75,3.4999999999999996,4.0,3.4999999999982454,3.000000000001634,1.6666666666706527
115,18.73322868234486,3.5000000000000004,3.75,3.4999999999999996,,,,1.6666666666706527
1153,18.73322868234486,3.5000000000000004,3.75,3.4999999999999996,,,,1.6666666666706527
11531,18.73322868234486,3.5000000000000004,3.75,3.4999999999999996,,,,1.6666666666706527
115310,18.73322868234486,3.5000000000000004,3.75,3.4999999999999996,,,,1.6666666666706527
23,336,361,425,445,479,474,433,434
236,37.76705087887126,24.832678768660895,48,41.911897784520065,35.336395520365386,60,80.11633331784478,85
2361,14.767050878871263,12,12,24.136912256276574,18.973125285933982,36.149597164307266,54.18657883453257,39
23611,14.767050878871263,12,12,24.136912256276574,18.973125285933982,36.149597164307266,54.18657883453257,39
236115,9,3.58274909604169,5.904400027783332,24.136912256276574,18.973125285933982,36.149597164307266,54.18657883453257,39
236116,2.883525439435631,4.208625451979155,6.09559997221667,,,,,
236118,2.883525439435631,4.208625451979155,,,,,,
2362,23,12.832678768660896,36,17.774985528243487,16.363270234431408,23.850402835692734,25.929754483312212,46
23621,,,,,,,6.458267287453951,0.0
236210,,,,,,,6.458267287453951,0.0
23622,23,12.832678768660896,36,17.774985528243487,16.363270234431408,23.850402835692734,19.47148719585826,46
236220,23,12.832678768660896,36,17.774985528243487,16.363270234431408,23.850402835692734,19.47148719585826,46
237,17.232949121128726,28.167321231339105,26,46.088102215479935,34.663604479634614,18,18.883666682155198,30
2371,4.555928546176697,7.40001172671333,7.254139232849098,13.393271284966533,13.090016917629846,11.777234911817208,12.569930619509364,23.872204838577943
23711,4.555928546176697,7.40001172671333,7.254139232849098,13.393271284966533,13.090016917629846,11.777234911817208,12.569930619509364,17.719868112055373
237110,4.555928546176697,7.40001172671333,7.254139232849098,13.393271284966533,13.090016917629846,11.777234911817208,12.569930619509364,17.719868112055373
23713,,,,,,,,6.152336726522566
237130,,,,,,,,6.152336726522566
2372,4.555928546176697,7.40001172671333,7.254139232849098,10.898276976837803,10.786793781002384,6.222765088182793,6.313736062645838,6.127795161422056
23721,4.555928546176697,7.40001172671333,7.254139232849098,10.898276976837803,10.786793781002384,6.222765088182793,6.313736062645838,6.127795161422056
237210,4.555928546176697,7.40001172671333,7.254139232849098,10.898276976837803,10.786793781002384,6.222765088182793,6.313736062645838,6.127795161422056
2373,4.060546014387665,6.6836488889562204,5.745860767150904,10.898276976837803,0.0,,,
23731,4.060546014387665,6.6836488889562204,5.745860767150904,10.898276976837803,0.0,,,
237310,4.060546014387665,6.6836488889562204,5.745860767150904,10.898276976837803,0.0,,,
2379,4.060546014387665,6.6836488889562204,5.745860767150904,10.898276976837803,10.786793781002384,,,
23799,4.060546014387665,6.6836488889562204,5.745860767150904,10.898276976837803,10.786793781002384,,,
237990,4.060546014387665,6.6836488889562204,5.745860767150904,10.898276976837803,10.786793781002384,,,
238,281,308,351,357,409,396,334,319
2381,13.667687747098208,13.298145724926984,9.358952740099959,17.411211082076424,37.67132881111703,32.29913056596372,26.50000000015657,12.500000000004894
23813,4.220945284789507,4.180157535374617,4.679476370049979,7.144554638880683,,,,
238132,4.220945284789507,4.180157535374617,4.679476370049979,7.144554638880683,,,,
23814,5.225797177519195,4.937830654177752,4.679476370049979,10.266656443195739,15.020478493508126,16.029241426476407,10.059929655568148,5.760824643183546
238141,5.225797177519195,4.937830654177752,4.679476370049979,10.266656443195739,15.020478493508126,16.029241426476407,10.059929655568148,5.760824643183546
238142,0.0,,,,,,,
23815,,,,,11.325425158804453,8.13494456974366,5.480023448196142,3.369587678410674
238152,,,,,11.325425158804453,8.13494456974366,5.480023448196142,3.369587678410674
23816,4.220945284789507,4.180157535374617,,,11.325425158804453,8.13494456974366,5.480023448196142,
238161,4.220945284789507,4.180157535374617,,,11.325425158804453,8.13494456974366,5.480023448196142,
23817,,,,,,0.0,5.480023448196142,3.369587678410674
238171,,,,,,0.0,5.480023448196142,3.369587678410674
2382,148,184,210,224,228,210,155,143
23821,42.16980752396357,57.61564034183117,84.57085773601543,72.50880878963696,66.04628226950152,68.68506030654413,31.31780383539975,26.19275796322524
238211,10,29.615640341831156,34.57085773601543,26.508808789636962,18.046282269501514,31.68506030654412,5.317803835399753,6.19275796322524
238212,32.16980752396357,28,50,46,48,37,26,20
23822,80,105,101,125,133,119,118,111
238221,34,58,56,84,86,68,71,68
238222,46,47,45,41,47,51,47,43
23829,25.830192476036437,21.384359658168858,24.429142263984584,26.491191210363045,28.953717730498475,22.314939693455873,5.68219616460024,5.80724203677476
238292,25.830192476036437,21.384359658168858,24.429142263984584,26.491191210363045,28.953717730498475,22.314939693455873,5.68219616460024,5.80724203677476
2383,22.3323122529018,19.701854275073018,19.64104725990004,20.588788917923576,23.32867118888297,32.70086943403627,26.499999999843418,12.499999999995108
23831,6.378190809628891,4.005699284531535,4.253351273105266,6.8629296393078585,11.664335594441486,8.175217358509068,5.480023448230956,3.369587678410551
238311,3.189095404814446,0.0,,,,,,
238312,3.189095404814447,4.005699284531535,4.253351273105266,6.8629296393078585,11.664335594441486,8.175217358509068,5.480023448230956,3.369587678410551
23832,,,,,,8.175217358509068,10.059929655150556,5.760824643174006
238321,,,,,,8.175217358509068,10.059929655150556,5.760824643174006
23833,4.043803659215215,4.005699284531535,4.253351273105266,6.8629296393078585,,,,
238331,4.043803659215215,4.005699284531535,4.253351273105266,6.8629296393078585,,,,
23834,,,,,11.664335594441486,8.175217358509068,5.480023448230956,3.369587678410551
238341,,,,,11.664335594441486,8.175217358509068,5.480023448230956,3.369587678410551
23835,7.866514124842473,7.684756421478412,6.880993440584247,,,8.175217358509068,5.480023448230956,0.0
238351,7.866514124842473,7.684756421478412,6.880993440584247,,,8.175217358509068,5.480023448230956,0.0
23839,4.043803659215215,4.005699284531535,4.253351273105266,6.8629296393078585,0.0,,,
238391,4.043803659215215,4.005699284531535,4.253351273105266,6.8629296393078585,0.0,,,
2389,97,91,112,95,120,121,126,151
23891,51.72987248693616,53.04850785273977,76.43333277730446,52.69042288897327,67.50386588571874,76.6712732008786,63.75892660689449,76.70482545358624
238911,35.64916022956219,38.006386898541244,58,52.69042288897327,67.50386588571874,76.6712732008786,63.75892660689449,76.70482545358624
238912,16.08071225737398,15.042120954198529,18.433332777304475,0.0,,,,
23899,45.270127513063834,37.95149214726022,35.56666722269555,42.309577111026705,52.49613411428126,44.328726799121384,62.241073393105495,74.29517454641373
238991,15.878427556560528,14.616696231131872,17.783333611347775,21.154788555513353,26.248067057140624,22.16436339956069,44.337608953256826,53.20617107772261
238992,29.3916999565033,23.334795916128353,17.783333611347775,21.154788555513353,26.248067057140624,22.16436339956069,17.903464439848666,21.089003468691125
311,74.04488257347597,80.17920025364799,75.44991198278,107.1246065488086,188.47497990442378,295.63059137985704,213.6866895371173,28.027877939032606
3116,,,,107.1246065488086,94.23748995221187,147.81529568992852,106.84334476855865,14.013938969516303
31161,,,,107.1246065488086,94.23748995221187,147.81529568992852,106.84334476855865,14.013938969516303
311615,,,,107.1246065488086,94.23748995221187,147.81529568992852,106.84334476855865,14.013938969516303
3118,74.04488257347597,80.17920025364799,75.44991198278,,94.23748995221187,147.81529568992852,106.84334476855865,14.013938969516303
31181,74.04488257347597,80.17920025364799,75.44991198278,,94.23748995221187,147.81529568992852,106.84334476855865,14.013938969516303
311812,74.04488257347597,80.17920025364799,75.44991198278,,94.23748995221187,147.81529568992852,106.84334476855865,14.013938969516303
313,,,75.44991198278,107.1246065488086,88.33899667494418,,,
3132,,,75.44991198278,107.1246065488086,88.33899667494418,,,
31323,,,75.44991198278,107.1246065488086,88.33899667494418,,,
313230,,,75.44991198278,107.1246065488086,88.33899667494418,,,
314,74.04488257347597,0.0,,,,,,
3141,74.04488257347597,0.0,,,,,,
31412,74.04488257347597,0.0,,,,,,
314120,74.04488257347597,0.0,,,,,,
315,74.04488257347597,80.17920025364799,75.44991198278,,,,,
3152,74.04488257347597,80.17920025364799,75.44991198278,,,,,
31528,74.04488257347597,80.17920025364799,75.44991198278,,,,,
315280,74.04488257347597,80.17920025364799,75.44991198278,,,,,
31_33,2207,2245,2696,2790,2510,2839,2391,2149
321,74.04488257347597,80.17920025364799,75.44991198278,,,,,
3219,74.04488257347597,80.17920025364799,75.44991198278,,,,,
32192,74.04488257347597,80.17920025364799,75.44991198278,,,,,
321920,74.04488257347597,80.17920025364799,75.44991198278,,,,,
323,9,9,423.43981638441466,7,7,564.9219859569555,10,46.590808486993616
3231,9,9,423.43981638441466,7,7,564.9219859569555,10,46.590808486993616
32311,9,9,423.43981638441466,7,7,564.9219859569555,10,46.590808486993616
323111,5.076399680645899,4.99044969438606,344.69300446660696,3.87776182774167,3.703656429270401,412.93823226855926,6.26146085997931,32.59015561564099
323113,3.9236003193541023,4.009550305613941,78.74681191780768,3.1222381722583292,3.2963435707296,151.9837536883962,3.7385391400206887,14.00065287135264
325,257.2964416436329,281.14336172092476,259.0269493681466,381.6159857363814,188.4749799044686,295.6305913796755,328.01660220946496,42.63258587576023
3255,176.878335807571,193.68289705723373,177.66842258060737,263.66490519174306,94.2374899522343,147.81529568983774,109.338867403155,14.210861958586746
32551,88.43916790378552,96.84144852861688,88.83421129030368,131.83245259587156,94.2374899522343,147.81529568983774,109.338867403155,14.210861958586746
325510,88.43916790378552,96.84144852861688,88.83421129030368,131.83245259587156,94.2374899522343,147.81529568983774,109.338867403155,14.210861958586746
32552,88.43916790378552,96.84144852861688,88.83421129030368,131.83245259587156,0.0,,,
325520,88.43916790378552,96.84144852861688,88.83421129030368,131.83245259587156,0.0,,,
3256,,,,,,,109.338867403155,14.210861958586746
32561,,,,,,,109.338867403155,14.210861958586746
325612,,,,,,,109.338867403155,14.210861958586746
3259,80.41810583606191,87.460464663691,81.3585267875392,117.95108054463832,94.2374899522343,147.81529568983774,109.338867403155,14.210861958586746
32599,80.41810583606191,87.460464663691,81.3585267875392,117.95108054463832,94.2374899522343,147.81529568983774,109.338867403155,14.210861958586746
325998,80.41810583606191,87.460464663691,81.3585267875392,117.95108054463832,94.2374899522343,147.81529568983774,109.338867403155,14.210861958586746
326,74.04488257347597,80.17920025364799,75.44991198278,,,,102.27643431807802,
3261,74.04488257347597,80.17920025364799,75.44991198278,,,,102.27643431807802,
32615,74.04488257347597,80.17920025364799,75.44991198278,,,,,
326150,74.04488257347597,80.17920025364799,75.44991198278,,,,,
32619,,,,,,,102.27643431807802,
326199,,,,,,,102.27643431807802,
327,257.2964416436329,170.829387566415,159.31355692475407,229.7635954172361,188.4749799044686,295.6305913796755,365.5952268930191,44.17977144324008
3273,176.878335807571,85.41469378320751,79.65677846237703,114.88179770861807,94.2374899522343,147.81529568983774,106.40907411907193,14.021264422587144
32731,88.43916790378552,,,,,,,
327310,88.43916790378552,,,,,,,
32733,88.43916790378552,85.41469378320751,79.65677846237703,114.88179770861807,94.2374899522343,147.81529568983774,106.40907411907193,14.021264422587144
327331,88.43916790378552,85.41469378320751,79.65677846237703,114.88179770861807,94.2374899522343,147.81529568983774,106.40907411907193,14.021264422587144
3279,80.41810583606191,85.41469378320751,79.65677846237703,114.88179770861807,94.2374899522343,147.81529568983774,259.1861527739472,30.158507020652934
32799,80.41810583606191,85.41469378320751,79.65677846237703,114.88179770861807,94.2374899522343,147.81529568983774,259.1861527739472,30.158507020652934
327991,80.41810583606191,85.41469378320751,79.65677846237703,114.88179770861807,94.2374899522343,147.81529568983774,259.1861527739472,30.158507020652934
331,74.04488257347597,80.17920025364799,75.44991198278,,,,102.27643431807802,13.727123110054832
3314,74.04488257347597,80.17920025364799,75.44991198278,,,,102.27643431807802,13.727123110054832
33149,74.04488257347597,80.17920025364799,75.44991198278,,,,102.27643431807802,13.727123110054832
331491,,,,,,,102.27643431807802,13.727123110054832
331492,74.04488257347597,80.17920025364799,75.44991198278,,,,,
332,43,42,41,468.722740212049,48,53,55,36
3323,12.381300505931492,11.933834017825264,11.778011150816715,0.0,,15.999999999914873,14.499999999625222,5.000000000091468
33232,12.381300505931492,11.933834017825264,11.778011150816715,0.0,,15.999999999914873,14.499999999625222,5.000000000091468
332321,12.381300505931492,11.933834017825264,11.778011150816715,0.0,,,,
332323,,,,,,15.999999999914873,14.499999999625222,5.000000000091468
3326,,,,,17.848753310721246,4,6,6
33261,,,,,17.848753310721246,4,6,6
332613,,,,,17.848753310721246,4,6,6
3327,18.23739898813703,18.13233196434947,17.443977698366577,354.9331247276482,17.848753310721246,17,20,20
33271,18.23739898813703,18.13233196434947,17.443977698366577,354.9331247276482,17.848753310721246,17,20,20
332710,18.23739898813703,18.13233196434947,17.443977698366577,354.9331247276482,17.848753310721246,17,20,20
3328,12.381300505931492,11.933834017825264,11.778011150816715,113.78961548440084,12.30249337855751,16.000000000085123,14.500000000374778,4.999999999908531
33281,12.381300505931492,11.933834017825264,11.778011150816715,113.78961548440084,12.30249337855751,16.000000000085123,14.500000000374778,4.999999999908531
332812,12.381300505931492,11.933834017825264,11.778011150816715,113.78961548440084,12.30249337855751,16.000000000085123,14.500000000374778,4.999999999908531
333,157.0388583973787,170.829387566415,246.62052295746776,119,110,99,105,42.63258587576023
3332,,,82.20684098582257,39.666666666666664,36.666666666666664,33.0,35.0,14.210861958586746
33324,,,82.20684098582257,39.666666666666664,36.666666666666664,33.0,35.0,14.210861958586746
333249,,,82.20684098582257,39.666666666666664,36.666666666666664,33.0,35.0,14.210861958586746
3333,78.51942919868937,85.41469378320751,82.20684098582257,39.666666666666664,36.666666666666664,33.0,35.0,14.210861958586746
33331,78.51942919868937,85.41469378320751,82.20684098582257,39.666666666666664,36.666666666666664,33.0,35.0,14.210861958586746
333318,78.51942919868937,85.41469378320751,82.20684098582257,39.666666666666664,36.666666666666664,33.0,35.0,14.210861958586746
3339,78.51942919868937,85.41469378320751,82.20684098582257,39.666666666666664,36.666666666666664,33.0,35.0,14.210861958586746
33392,78.51942919868937,85.41469378320751,82.20684098582257,39.666666666666664,36.666666666666664,33.0,35.0,14.210861958586746
333924,78.51942919868937,85.41469378320751,82.20684098582257,39.666666666666664,36.666666666666664,33.0,35.0,14.210861958586746
334,,,,,,,,13.727123110054832
3345,,,,,,,,13.727123110054832
33451,,,,,,,,13.727123110054832
334515,,,,,,,,13.727123110054832
335,,,,,,,213.68668953789668,28.027877938993893
3353,,,,,,,106.84334476894834,14.013938969496946
33531,,,,,,,106.84334476894834,14.013938969496946
335314,,,,,,,106.84334476894834,14.013938969496946
3359,,,,,,,106.84334476894834,14.013938969496946
33593,,,,,,,106.84334476894834,14.013938969496946
335931,,,,,,,106.84334476894834,14.013938969496946
336,623.1511041498562,708.6288478490955,699.1896074895762,943.9808742083053,1180.659524264315,750.3931888246868,544.8185683388151,1826
3362,546.1255751543483,625.567507545982,621.999262283849,831.7701324624866,1088.464097256376,603.9899524927602,438.996349094455,1476.0196414837578
33621,546.1255751543483,625.567507545982,621.999262283849,831.7701324624866,1088.464097256376,603.9899524927602,438.996349094455,1476.0196414837578
336211,546.1255751543483,625.567507545982,621.999262283849,831.7701324624866,1088.464097256376,603.9899524927602,438.996349094455,1476.0196414837578
3363,77.02552899550795,83.06134030311328,77.19034520572724,112.21074174581872,92.1954270079389,146.4032363319268,105.82221924435994,349.98035851624155
33632,77.02552899550795,83.06134030311328,77.19034520572724,112.21074174581872,92.1954270079389,146.4032363319268,105.82221924435994,349.98035851624155
336320,77.02552899550795,83.06134030311328,77.19034520572724,112.21074174581872,92.1954270079389,146.4032363319268,105.82221924435994,349.98035851624155
337,207.9739293623215,230.83650701445507,207.35503748948042,107.1246065488086,255.28826967369014,141.49314972188307,102.27643431807802,13.727123110054832
3371,207.9739293623215,230.83650701445507,207.35503748948042,107.1246065488086,255.28826967369014,141.49314972188307,102.27643431807802,13.727123110054832
33711,207.9739293623215,230.83650701445507,207.35503748948042,107.1246065488086,255.28826967369014,141.49314972188307,102.27643431807802,13.727123110054832
337110,207.9739293623215,230.83650701445507,207.35503748948042,107.1246065488086,255.28826967369014,141.49314972188307,102.27643431807802,13.727123110054832
339,207.9739293623215,230.83650701445507,207.35503748948042,318.54298477960225,255.28826967369014,343.2999013572665,248.3669205294529,13.727123110054832
3399,207.9739293623215,230.83650701445507,207.35503748948042,318.54298477960225,255.28826967369014,343.2999013572665,248.3669205294529,13.727123110054832
33995,207.9739293623215,230.83650701445507,207.35503748948042,318.54298477960225,255.28826967369014,343.2999013572665,248.3669205294529,13.727123110054832
339950,207.9739293623215,230.83650701445507,207.35503748948042,318.54298477960225,255.28826967369014,343.2999013572665,248.3669205294529,13.727123110054832
42,172,190,234,198,194,348,232,332
423,62,76,110,92,87,233,122,223
4231,22,24,24,25,35,39,47,50
42311,7.897598102332363,8.625809384569854,12.000000000155595,10.51151295727063,17.499999999954035,19.500000000096886,18.915230206283415,20.14768823151854
423110,7.897598102332363,8.625809384569854,12.000000000155595,10.51151295727063,17.499999999954035,19.500000000096886,18.915230206283415,20.14768823151854
42312,6.204803795335276,6.748381230860291,,,,,9.169539587433166,9.70462353696292
423120,6.204803795335276,6.748381230860291,,,,,9.169539587433166,9.70462353696292
42313,7.897598102332363,8.625809384569854,11.999999999844409,14.488487042729368,17.500000000045965,19.49999999990311,18.915230206283415,20.14768823151854
423130,7.897598102332363,8.625809384569854,11.999999999844409,14.488487042729368,17.500000000045965,19.49999999990311,18.915230206283415,20.14768823151854
4233,13.141277700300442,11.506524860530035,17.45397867428007,13.545842990552401,10.722427963940875,31.603854262181986,11.710010859481832,13.454099620436693
42331,8.168220650773105,5.753262430265019,8.726989337140036,6.772921495276202,5.361213981970438,15.801927131090997,5.855005429740915,13.454099620436693
423310,8.168220650773105,5.753262430265019,8.726989337140036,6.772921495276202,5.361213981970438,15.801927131090997,5.855005429740915,13.454099620436693
42332,4.973057049527336,5.753262430265019,8.726989337140036,6.772921495276202,5.361213981970438,15.801927131090997,5.855005429740915,0.0
423320,4.973057049527336,5.753262430265019,8.726989337140036,6.772921495276202,5.361213981970438,15.801927131090997,5.855005429740915,0.0
4234,,6.432182996778351,9.60975210969569,7.561031093649056,6.138650127246462,15.35094435630612,5.919112653679205,
42345,,6.432182996778351,9.60975210969569,7.561031093649056,6.138650127246462,15.35094435630612,5.919112653679205,
423450,,6.432182996778351,9.60975210969569,7.561031093649056,6.138650127246462,15.35094435630612,5.919112653679205,
4235,,,,,,,5.919112653679205,13.454099620436693
42351,,,,,,,5.919112653679205,13.454099620436693
423510,,,,,,,5.919112653679205,13.454099620436693
4236,5.627969340875144,9.690401289436966,14.41855975777007,11.24040884117195,7.555415853490597,33.334876856561976,11.091758138276017,29.202663626820677
42361,5.627969340875144,9.690401289436966,14.41855975777007,11.24040884117195,7.555415853490597,33.334876856561976,11.091758138276017,29.202663626820677
423610,5.627969340875144,9.690401289436966,14.41855975777007,11.24040884117195,7.555415853490597,33.334876856561976,11.091758138276017,29.202663626820677
4237,9.974814277074127,11.506524859697945,17.453978674279245,13.545842990488763,10.722427964037804,50.03832401210731,16.83506852447696,61.075287335239274
42371,4.987407138537064,5.753262429848973,8.726989337139624,6.7729214952443835,5.361213982018902,15.807448306829874,5.892025492858573,13.825055458726656
423710,4.987407138537064,5.753262429848973,8.726989337139624,6.7729214952443835,5.361213982018902,15.807448306829874,5.892025492858573,13.825055458726656
42373,4.987407138537064,5.753262429848973,8.726989337139624,6.7729214952443835,5.361213982018902,34.230875705277434,10.943043031618389,47.25023187651263
423730,4.987407138537064,5.753262429848973,8.726989337139624,6.7729214952443835,5.361213982018902,34.230875705277434,10.943043031618389,47.25023187651263
4238,5.627969340875144,6.432182996778351,17.453978674279245,13.545842990488763,10.722427964037804,48.321056156536464,17.605824516727573,42.35975017662993
42381,5.627969340875144,6.432182996778351,8.726989337139624,6.7729214952443835,5.361213982018902,16.107018718845488,5.868608172242524,14.119916725543309
423810,5.627969340875144,6.432182996778351,8.726989337139624,6.7729214952443835,5.361213982018902,16.107018718845488,5.868608172242524,14.119916725543309
42382,,,,,,16.107018718845488,5.868608172242524,14.119916725543309
423820,,,,,,16.107018718845488,5.868608172242524,14.119916725543309
42384,,,8.726989337139624,6.7729214952443835,5.361213982018902,16.107018718845488,5.868608172242524,14.119916725543309
423840,,,8.726989337139624,6.7729214952443835,5.361213982018902,16.107018718845488,5.868608172242524,14.119916725543309
4239,5.627969340875144,6.432182996778351,9.60975210969569,7.561031093649056,6.138650127246462,15.35094435630612,5.919112653679205,13.454099620436693
42391,5.627969340875144,6.432182996778351,9.60975210969569,7.561031093649056,6.138650127246462,15.35094435630612,5.919112653679205,13.454099620436693
423910,5.627969340875144,6.432182996778351,9.60975210969569,7.561031093649056,6.138650127246462,15.35094435630612,5.919112653679205,13.454099620436693
424,78,90,103,87,88,93,90,88
4241,15.944648057333254,15.489101838421757,15.4185242547544,13.211999743188265,13.04866671370559,11.271005324716503,12.321288851409486,12.078889894259023
42412,15.944648057333254,15.489101838421757,15.4185242547544,13.211999743188265,13.04866671370559,11.271005324716503,12.321288851409486,12.078889894259023
424120,15.944648057333254,15.489101838421757,15.4185242547544,13.211999743188265,13.04866671370559,11.271005324716503,12.321288851409486,12.078889894259023
4244,30.166055828000232,29.51089816157824,43.06871606838602,36.083129921241564,38.369383780178886,47.50697481612128,53.03613344577154,51.76333031722293
42445,15.08302791400012,14.755449080789122,14.356238689462005,12.02770997374719,11.435709425688586,11.659948106748933,12.85810486415344,12.584640133826158
424450,15.08302791400012,14.755449080789122,14.356238689462005,12.02770997374719,11.435709425688586,11.659948106748933,12.85810486415344,12.58464013382616
42447,15.08302791400012,14.755449080789122,14.356238689462005,12.02770997374719,11.435709425688586,11.659948106748933,12.85810486415344,12.584640133826158
424470,15.08302791400012,14.755449080789122,14.356238689462005,12.02770997374719,11.435709425688586,11.659948106748933,12.85810486415344,12.58464013382616
42449,,,14.356238689462005,12.02770997374719,15.49796492880171,24.187078602623423,27.31992371746466,26.594050049570612
424490,,,14.356238689462005,12.02770997374719,15.49796492880171,24.187078602623423,27.31992371746466,26.594050049570612
4247,15.944648057333254,15.489101838421757,15.4185242547544,13.211999743188265,13.04866671370559,11.271005324716503,12.321288851409486,12.078889894259023
42472,15.944648057333254,15.489101838421757,15.4185242547544,13.211999743188265,13.04866671370559,11.271005324716503,12.321288851409486,12.078889894259023
424720,15.944648057333254,15.489101838421757,15.4185242547544,13.211999743188265,13.04866671370559,11.271005324716503,12.321288851409486,12.078889894259023
4249,15.944648057333254,29.51089816157824,29.094235422105196,24.49287059238191,23.533282792409945,22.951014534445694,12.321288851409486,12.078889894259023
42493,,14.755449080789122,14.547117711052598,12.246435296190954,11.766641396204971,11.475507267222849,0.0,
424930,,14.755449080789122,14.547117711052598,12.246435296190954,11.766641396204971,11.475507267222849,0.0,
42499,15.944648057333254,14.755449080789122,14.547117711052598,12.246435296190954,11.766641396204971,11.475507267222849,12.321288851409486,12.078889894259023
424990,15.944648057333254,14.755449080789122,14.547117711052598,12.246435296190954,11.766641396204971,11.475507267222849,12.321288851409486,12.078889894259023
425,32,24,21,19,19,22,20,21
4251,32,24,21,19,19,22,20,21
42512,32,24,21,19,19,22,20,21
425120,32,24,21,19,19,22,20,21
441,226,266,308,327,368,339,350,365
4411,41.13959337324557,38.99910700272176,35.884599952033405,35.78395659305255,111,40.225791791426516,43.08172204963371,118
44111,41.13959337324557,38.99910700272176,35.884599952033405,35.78395659305255,80.77905924064837,27.54451040668695,29.649442023863365,82.97984358483461
441110,41.13959337324557,38.99910700272176,35.884599952033405,35.78395659305255,80.77905924064837,27.54451040668695,29.649442023863365,82.97984358483461
44112,,,,,30.220940759351627,12.681281384739576,13.432280025770353,35.020156415165374
441120,,,,,30.220940759351627,12.681281384739576,13.432280025770353,35.020156415165374
4412,86,134,149,165,175,164,161,174
44121,61.663557120768104,104.8454896939478,117.33566317304602,128.06173858262082,136.54089492322302,130.22602884568556,128.06177761303417,147.42801910991813
441210,61.663557120768104,104.8454896939478,117.33566317304602,128.06173858262082,136.54089492322302,130.22602884568556,128.06177761303417,147.42801910991813
44122,24.336442879231882,29.15451030605218,31.664336826954,36.93826141737921,38.45910507677699,33.773971154314445,32.93822238696578,26.571980890081882
441228,24.336442879231882,29.15451030605218,31.664336826954,36.93826141737921,38.45910507677699,33.773971154314445,32.93822238696578,26.571980890081882
4413,98.86040662675441,93.00089299727826,123.11540004796662,126.21604340694746,82,134.7742082085735,145.9182779503663,73
44131,69.86040662675441,70.00089299727823,90.11540004796659,54,53,49,51,46
441310,69.86040662675441,70.00089299727823,90.11540004796659,54,53,49,51,46
44132,29,23,33,72.21604340694748,29,85.77420820857348,94.91827795036629,27
441320,29,23,33,72.21604340694748,29,85.77420820857348,94.91827795036629,27
442,20,16,11.610498973084775,24.939575263201114,37.879314245989484,21.738934505255944,37.82243500219822,27.69416012993316
4421,11.504002449392882,9.119880044725852,11.610498973084775,24.939575263201114,37.879314245989484,21.738934505255944,37.82243500219822,27.69416012993316
44211,11.504002449392882,9.119880044725852,11.610498973084775,24.939575263201114,37.879314245989484,21.738934505255944,37.82243500219822,27.69416012993316
442110,11.504002449392882,9.119880044725852,11.610498973084775,24.939575263201114,37.879314245989484,21.738934505255944,37.82243500219822,27.69416012993316
4422,8.49599755060712,6.880119955274148,,,,,,
44221,8.49599755060712,6.880119955274148,,,,,,
442210,8.49599755060712,6.880119955274148,,,,,,
444,22,35,28,27,25,30,26,25
4441,15.679746016580784,19,23.985289340608315,23.875004817007536,22.96929634419839,25.886982985252253,23.516414357788584,20.400655069585216
44411,4.4335578746970805,5.433318948031823,2.6134170289785175,2.4375024085037698,1.4846481720991929,1.9434914926261306,1.2582071788942915,0.0
444110,4.4335578746970805,5.433318948031823,2.6134170289785175,2.4375024085037698,1.4846481720991929,1.9434914926261306,1.2582071788942912,0.0
44413,5.623094070941852,6.01319409918063,18,19,20,22,21,15.823206281459258
444130,5.623094070941852,6.01319409918063,18,19,20,22,21,15.823206281459258
44419,5.623094070941852,7.553486952787546,3.3718723116297893,2.4375024085037698,1.4846481720991929,1.9434914926261306,1.2582071788942915,4.5774487881259605
444190,5.623094070941852,7.553486952787546,3.3718723116297893,2.4375024085037698,1.4846481720991929,1.9434914926261306,1.2582071788942912,4.5774487881259605
4442,6.3202539834192155,16,4.014710659391692,3.1249951829924614,2.0307036558016125,4.113017014747739,2.4835856422114135,4.599344930414782
44421,6.320253983419215,9.119880021549864,0.0,,,,,
444210,6.320253983419215,9.119880021549864,0.0,,,,,
44422,,6.880119978450135,4.014710659391692,3.1249951829924614,2.0307036558016125,4.113017014747739,2.4835856422114135,4.599344930414782
444220,,6.880119978450135,4.014710659391692,3.1249951829924614,2.0307036558016125,4.113017014747739,2.4835856422114135,4.599344930414782
445,119,113,131,137,82,112,122,123
4451,105,102,109,117,61,94,97,98
44511,99,40.449223633706126,37.95377789079408,108,17.81184957422165,89,90,90
445110,99,40.449223633706126,37.95377789079408,108,17.81184957422165,89,90,90
44512,6,61.55077636629387,71.04622210920596,9,43.18815042577837,5,7,8
445120,6,61.55077636629387,71.04622210920596,9,43.18815042577837,5,7,8
4452,6.003007811505187,4.991318076304865,9.560508835770896,8.2383092645975,8.51760891934528,3.260543416724013,3.752825900797118,3.6674160787436705
44523,6.003007811505187,4.991318076304865,9.560508835770896,8.2383092645975,8.51760891934528,3.260543416724013,3.752825900797118,3.6674160787436705
445230,6.003007811505187,4.991318076304865,9.560508835770896,8.2383092645975,8.51760891934528,3.260543416724013,3.752825900797118,3.6674160787436705
4453,7.996992188494817,6.008681923695133,12.439491164229104,11.7616907354025,12.48239108065472,14.73945658327599,21.247174099202876,21.33258392125633
44531,7.996992188494817,6.008681923695133,12.439491164229104,11.7616907354025,12.48239108065472,14.73945658327599,21.247174099202876,21.33258392125633
445310,7.996992188494817,6.008681923695133,12.439491164229104,11.7616907354025,12.48239108065472,14.73945658327599,21.247174099202876,21.33258392125633
446,81.23872180665445,146,34,37,44,61,69,67
4461,81.23872180665445,146,34,37,44,61,69,67
44611,60.46360785054991,119.81744785057586,21.554337970233888,23.296858967863194,27.511495460718642,19,26,29
446110,60.46360785054991,119.81744785057586,21.554337970233888,23.296858967863194,27.511495460718642,19,26,29
44612,20.775113956104544,26.18255214942415,12.445662029766112,13.703141032136806,16.48850453928136,21.000000000040245,21.499999999999318,19.000000000337668
446120,20.775113956104544,26.18255214942415,12.445662029766112,13.703141032136806,16.48850453928136,21.000000000040245,21.499999999999318,19.000000000337668
44613,,,,,,20.99999999995975,21.50000000000068,18.99999999966233
446130,,,,,,20.99999999995975,21.50000000000068,18.99999999966233
447,138,148,146,149,144,154,408,641
4471,138,148,146,149,144,154,408,641
44711,118.52918068166795,131.92750421921528,128.98582907962756,128.56989970586116,122.65698336463997,154,408,641
447110,118.52918068166795,131.92750421921528,128.98582907962756,128.56989970586116,122.65698336463997,154,408,641
44719,19.47081931833207,16.072495780784735,17.014170920372464,20.430100294138796,21.343016635360026,0.0,,
447190,19.47081931833207,16.072495780784735,17.014170920372464,20.430100294138796,21.343016635360026,0.0,,
448,67,59,120,70,56,55,45,33
4481,56.95206531557124,47.85160242198973,100.45453171447446,55.799783479730465,56,55,45,33
44812,8.73801632889281,9.773488440703991,18.808836840533758,16.99960478021593,17.643089662436864,15.648342869146093,7.439710195519278,5.736418575387638
448120,8.73801632889281,9.773488440703991,18.808836840533758,16.99960478021593,17.643089662436864,15.648342869146093,7.439710195519278,5.736418575387638
44813,8.73801632889281,9.773488440703991,18.808836840533758,,,,,
448130,8.73801632889281,9.773488440703991,18.808836840533758,,,,,
44814,22,14.15231277029087,31.41842901670347,21.800573919298593,20.713820675126286,23.70331426170781,22.614316870867228,16.26336688384565
448140,22,14.15231277029087,31.41842901670347,21.800573919298593,20.713820675126286,23.70331426170781,22.614316870867228,16.26336688384565
44815,8.73801632889281,0.0,,,,,,
448150,8.73801632889281,0.0,,,,,,
44819,8.73801632889281,14.15231277029087,31.41842901670347,16.99960478021593,17.643089662436864,15.648342869146093,14.945972933613483,11.000214540766713
448190,8.73801632889281,14.15231277029087,31.41842901670347,16.99960478021593,17.643089662436864,15.648342869146093,14.945972933613483,11.000214540766713
4482,10.047934684428768,11.148397578010277,19.54546828552555,14.200216520269555,,,,
44821,10.047934684428768,11.148397578010277,19.54546828552555,14.200216520269555,,,,
448210,10.047934684428768,11.148397578010277,19.54546828552555,14.200216520269555,,,,
44_45,906,964,978,958,974,1041,1343,1577
451,41.823394706379744,28.196787662362915,62,43.46558960637539,65.62483612447517,95,74.25457580127211,89
4511,20.911697353189876,14.09839383118146,40.91936105529552,28.31691407665205,42.95711427410759,64.26751481112932,56.465108374905014,67.79655674845864
45111,20.911697353189876,14.09839383118146,20.459680527647762,14.158457038326025,21.478557137053794,32.133757405564666,18.82170279163501,22.59885224948621
451110,20.911697353189876,14.09839383118146,20.459680527647762,14.158457038326025,21.478557137053794,32.133757405564666,18.82170279163501,22.59885224948621
45112,,,,,,,18.82170279163501,22.59885224948621
451120,,,,,,,18.82170279163501,22.59885224948621
45113,,,20.459680527647762,14.158457038326025,21.478557137053794,32.133757405564666,18.82170279163501,22.59885224948621
451130,,,20.459680527647762,14.158457038326025,21.478557137053794,32.133757405564666,18.82170279163501,22.59885224948621
4512,20.911697353189876,14.09839383118146,21.080638944704482,15.14867552972334,22.667721850367574,30.732485188870662,17.789467426367096,21.203443251541348
45121,20.911697353189876,14.09839383118146,21.080638944704482,15.14867552972334,22.667721850367574,30.732485188870662,17.789467426367096,21.203443251541348
451211,20.911697353189876,14.09839383118146,21.080638944704482,15.14867552972334,22.667721850367574,30.732485188870662,17.789467426367096,21.203443251541348
452,92,96,99,90,85,108,109,115
4521,19.162254160100858,16.406309452910303,,,,,,
45211,19.162254160100858,16.406309452910303,,,,,,
452112,19.162254160100858,16.406309452910303,,,,,,
4523,,,,90,85,108,109,115
45231,,,,90,85,108,109,115
452319,,,,90,85,108,109,115
4529,72.83774583989916,79.5936905470897,99,,,,,
45299,72.83774583989916,79.5936905470897,99,,,,,
452990,72.83774583989916,79.5936905470897,99,,,,,
453,12,10,12,22,21,44,67,65
4532,3.4791716670872703,0.0,,,,,,
45321,3.4791716670872703,0.0,,,,,,
453210,3.4791716670872703,0.0,,,,,,
4533,,3.222117864520739,0.0,,,6.3608134258708,42,38
45331,,3.222117864520739,0.0,,,6.3608134258708,42,38
453310,,3.222117864520739,0.0,,,6.3608134258708,42,38
4539,8.52082833291273,6.777882135479259,12,22,21,37.6391865741292,25,27
45391,,,,5.418462057358575,3.2963435829661814,6.419111857047713,4.536256615470855,0.0
453910,,,,5.418462057358575,3.2963435829661814,6.419111857047713,4.536256615470855,0.0
45393,3.8101260073232504,3.0055326158496483,4.837774745257648,6.379046228056257,3.7036564170338186,12.242139669071044,8.065370348952758,8.702920369093672
453930,3.8101260073232504,3.0055326158496483,4.837774745257648,6.379046228056257,3.7036564170338186,12.242139669071044,8.065370348952758,8.702920369093672
45399,4.7107023255894775,3.7723495196296106,7.162225254742352,10.202491714585168,14,18.977935048010433,12.398373035576387,18.297079630906328
453991,2.079723452125421,1.7960116600398577,3.581112627371177,5.975223133440689,7.772912578069157,12.713743710751872,8.05970687701716,9.148539815453164
453998,2.630978873464057,1.9763378595897523,3.581112627371177,4.227268581144482,6.227087421930843,6.264191337258563,4.338666158559229,9.148539815453164
454,86.93788348696583,46.803212337637085,26.389501026915227,30.59483513042349,45.49584962953534,21.261065494744056,34.92298919652966,26.305839870066833
4541,65.85814114706544,32.67924391059668,12.373249510249606,15.297417565211747,22.74792481476767,10.630532747372026,17.46149459826483,13.152919935033415
45411,65.85814114706544,32.67924391059668,12.373249510249606,15.297417565211747,22.74792481476767,10.630532747372026,17.46149459826483,13.152919935033417
454110,,,,15.297417565211747,22.74792481476767,10.630532747372026,17.46149459826483,13.152919935033417
454111,32.92907057353273,12.144299169271152,6.186624755124802,,,,,
454113,32.92907057353273,20.53494474132553,6.186624755124802,,,,,
4543,21.079742339900385,14.123968427040396,14.016251516665623,15.297417565211747,22.74792481476767,10.630532747372026,17.46149459826483,13.152919935033415
45431,21.079742339900385,14.123968427040396,7.008125758332811,,,,,
454310,21.079742339900385,14.123968427040396,7.008125758332811,,,,,
45439,,,7.008125758332811,15.297417565211747,22.74792481476767,10.630532747372026,17.46149459826483,13.152919935033417
454390,,,7.008125758332811,15.297417565211747,22.74792481476767,10.630532747372026,17.46149459826483,13.152919935033417
484,54,61,52,51,56,44,31,66
4841,38.263975834503455,55.84129115372707,49.663477428544354,24.327411175816508,28.036349451820158,25.507594150591956,15.502608148937554,38.25293873879176
48411,,2.841291153727059,1.6634774285443672,0.0,,,,9.076278791217446
484110,,2.841291153727059,1.6634774285443672,0.0,,,,9.076278791217446
48412,38.263975834503455,53,48,24.327411175816508,28.036349451820158,25.507594150591956,15.502608148937554,29.176659947574322
484121,24.821457612991757,36.28718099031219,31.99610400899826,14.418132231253002,14.018174725910079,12.75379707529598,10.270132787104094,20.1113788814449
484122,13.442518221511694,16.71281900968781,16.00389599100174,9.909278944563505,14.018174725910079,12.75379707529598,5.232475361833459,9.065281066129423
4842,15.736024165496548,5.158708846272935,2.3365225714556357,26.6725888241835,27.963650548179835,18.49240584940804,15.49739185106245,27.74706126120824
48422,15.736024165496548,5.158708846272935,2.3365225714556357,11.334750813810862,12.29520247218793,6.334782998775396,5.42305235121615,9.077939237223633
484220,15.736024165496548,5.158708846272935,2.3365225714556357,11.334750813810862,12.29520247218793,6.334782998775396,5.42305235121615,9.077939237223633
48423,,,,15.337838010372634,15.668448075991913,12.157622850632647,10.0743394998463,18.669122023984606
484230,,,,15.337838010372634,15.668448075991913,12.157622850632647,10.0743394998463,18.66912202398461
485,102.57442265324637,116.35541575159907,106.39953562571125,196.77946558226617,194.27096754038377,121,112,232.25240979482166
4854,51.28721132662319,37.2089785978378,34.5873684889438,58.63381995200666,57.44445005266749,61.964692986416004,57.39907934075886,120.05824331825701
48541,51.28721132662319,37.2089785978378,34.5873684889438,58.63381995200666,57.44445005266749,61.964692986416004,57.39907934075886,120.05824331825701
485410,51.28721132662319,37.2089785978378,34.5873684889438,58.63381995200666,57.44445005266749,61.964692986416004,57.39907934075886,120.05824331825701
4859,51.28721132662319,79.14643715376127,71.81216713676744,138.1456456302595,136.8265174877163,59.03530701358399,54.600920659241126,112.19416647656467
48599,51.28721132662319,79.14643715376127,71.81216713676744,138.1456456302595,136.8265174877163,59.03530701358399,54.600920659241126,112.19416647656467
485991,,39.573218576880635,35.90608356838372,69.07282281512977,68.41325874385814,29.517653506791998,27.300460329620563,56.09708323828242
485999,51.28721132662319,39.57321857688065,35.90608356838372,69.07282281512977,68.41325874385818,29.517653506791998,27.300460329620563,56.097083238282266
488,,73.8123461470668,108.92576637408702,25,31,30,33,32
4881,,36.90617307353341,34.492086789084134,14.199413275336601,18.11229980611008,20.06751469350277,22.12197899170603,12.935164176713512
48811,,36.90617307353341,34.492086789084134,7.0997066376683025,9.05614990305504,10.033757346751383,11.060989495853015,6.467582088356756
488119,,36.90617307353341,34.492086789084134,7.0997066376683025,9.05614990305504,10.033757346751383,11.060989495853015,6.467582088356756
48819,,,,7.0997066376683025,9.05614990305504,10.033757346751383,11.060989495853015,6.467582088356756
488190,,,,7.0997066376683025,9.05614990305504,10.033757346751383,11.060989495853015,6.467582088356756
4884,,36.90617307353341,74.43367958500289,10.800586724663395,12.88770019388992,9.932485306497231,10.878021008293967,12.582608394908757
48841,,36.90617307353341,74.43367958500289,10.800586724663395,12.88770019388992,9.932485306497231,10.878021008293967,12.582608394908757
488410,,36.90617307353341,74.43367958500289,10.800586724663395,12.88770019388992,9.932485306497231,10.878021008293967,12.582608394908759
4889,,,,,,,,6.482227428377731
48899,,,,,,,,6.482227428377731
488999,,,,,,,,6.482227428377731
48_49,443,485,467,570,576,562,565,570
492,49.72535378272695,36.30112720420107,33.995445789361916,55.78035130050326,54.29232301888817,78.23886229122851,61.008603360507195,47.52977667902932
4921,,,,,,78.23886229122851,61.008603360507195,47.52977667902932
49211,,,,,,78.23886229122851,61.008603360507195,47.52977667902932
492110,,,,,,78.23886229122851,61.008603360507195,47.52977667902932
4922,49.72535378272695,36.30112720420107,33.995445789361916,55.78035130050326,54.29232301888817,,,
49221,49.72535378272695,36.30112720420107,33.995445789361916,55.78035130050326,54.29232301888817,,,
492210,49.72535378272695,36.30112720420107,33.995445789361916,55.78035130050326,54.29232301888817,,,
493,236.70022356402666,197.531110897133,165.67925221083973,241.44018311723053,240.436709440728,288.76113770877146,327.9913966394928,192.21781352614906
4931,236.70022356402666,197.531110897133,165.67925221083973,241.44018311723053,240.436709440728,288.76113770877146,327.9913966394928,192.21781352614906
49311,236.70022356402666,197.531110897133,165.67925221083973,180.88823705124366,180.6514447634692,204.17265081726265,262.83682203656247,192.21781352614906
493110,236.70022356402666,197.531110897133,165.67925221083973,180.88823705124366,180.6514447634692,204.17265081726265,262.83682203656247,192.21781352614906
49319,,,,60.55194606598685,59.78526467725885,84.5884868915088,65.1545746029303,
493190,,,,60.55194606598685,59.78526467725885,84.5884868915088,65.1545746029303,
51,21,32.66710569107086,61.082992694421385,26,24,29,29,31
511,8.895627106454574,16.33355284552889,17.487333182043997,8.135332831205877,7.925982899407389,4.438468784572118,6.003361003719579,7.7576077874960685
5111,8.895627106454574,16.33355284552889,17.487333182043997,8.135332831205877,7.925982899407389,4.438468784572118,6.003361003719579,7.7576077874960685
51111,8.895627106454574,16.33355284552889,17.487333182043997,8.135332831205877,7.925982899407389,4.438468784572118,6.003361003719579,7.7576077874960685
511110,8.895627106454574,16.33355284552889,17.487333182043997,8.135332831205877,7.925982899407389,4.438468784572118,6.003361003719579,7.7576077874960685
512,,,,,,4.438468784572118,11.358470764565856,15.484784425007858
5121,,,,,,4.438468784572118,11.358470764565856,15.48478442500786
51211,,,,,,4.438468784572118,11.358470764565856,15.48478442500786
512110,,,,,,4.438468784572118,11.358470764565856,15.48478442500786
517,12.104372893545422,16.333552845541973,43.595659512377395,17.86466716879412,16.07401710059261,15.684593646283647,11.63816823171456,7.7576077874960685
5171,12.104372893545422,16.333552845541973,17.015338106180078,,,,,
51711,12.104372893545422,16.333552845541973,17.015338106180078,,,,,
517110,12.104372893545422,16.333552845541973,17.015338106180078,,,,,
5173,,,,7.424665166981318,7.220199672964843,8.073669997611729,11.63816823171456,7.7576077874960685
51731,,,,7.424665166981318,7.220199672964843,8.073669997611729,11.63816823171456,7.7576077874960685
517311,,,,7.424665166981318,7.220199672964843,4.036834998805865,5.8190841158572795,7.7576077874960685
517312,,,,,,4.036834998805864,5.81908411585728,
5179,,,26.58032140619732,10.440002001812802,8.853817427627767,7.610923648671915,0.0,
51791,,,26.58032140619732,10.440002001812802,8.853817427627767,7.610923648671915,0.0,
517911,,,26.58032140619732,10.440002001812802,8.853817427627767,7.610923648671915,0.0,
518,,,,,,4.438468784572118,,
5182,,,,,,4.438468784572118,,
51821,,,,,,4.438468784572118,,
518210,,,,,,4.438468784572118,,
52,104,111,103,100,110,107,113,106
522,58,59,56,53,65,66,65,63
5221,39,37,37,36,49,51,52,50
52211,25.459943250845765,24.723208182174556,24.358959019054197,23.06254209744828,32.99584988663612,44.0396317459131,45.11515424763863,43.250819527834906
522110,25.459943250845765,24.723208182174556,24.358959019054197,23.06254209744828,32.99584988663612,44.0396317459131,45.11515424763863,43.250819527834906
52213,13.540056749154234,12.276791817825446,12.641040980945812,12.937457902551719,16.004150113363874,6.960368254086905,6.8848457523613655,6.749180472165087
522130,13.540056749154234,12.276791817825446,12.641040980945812,12.937457902551719,16.004150113363874,6.960368254086905,6.8848457523613655,6.749180472165087
5222,19,22,19,17,16,15,13,13
52229,19,22,19,17,16,15,13,13
522291,13,11.566410464280402,12,11,11,10,9,6.499999999999981
522298,6,10.433589535719598,7,6,5,5,4,6.500000000000019
523,,,0.0,2.446403619891638,2.5265809316996934,,,
5231,,,0.0,2.446403619891638,2.5265809316996934,,,
52312,,,0.0,2.446403619891638,2.5265809316996934,,,
523120,,,0.0,2.4464036198916377,2.5265809316996934,,,
524,46,52,47,44.55359638010837,42.47341906830032,41,48,43
5241,22.008510851952252,22.633714310102103,21.792334221915734,3.5535963801083685,3.473419068300312,12.116874611465802,12.018429588047818,8.778668705647869
52411,11.004255425976124,11.316857155051052,10.896167110957867,1.7767981900541843,1.736709534150156,6.058437305732902,6.009214794023909,4.389334352823935
524113,11.004255425976124,11.316857155051052,10.896167110957867,1.7767981900541843,1.7367095341501557,6.058437305732902,6.009214794023909,4.389334352823935
52412,11.004255425976124,11.316857155051052,10.896167110957867,1.7767981900541843,1.736709534150156,6.058437305732902,6.009214794023909,4.389334352823935
524126,11.004255425976124,11.316857155051052,10.896167110957867,1.7767981900541843,1.7367095341501557,6.058437305732902,6.009214794023909,4.389334352823935
5242,23.991489148047755,29.366285689897897,25.207665778084262,41,39,28.88312538853419,35.98157041195217,34.221331294352126
52421,23.991489148047755,29.366285689897897,25.207665778084262,41,39,28.88312538853419,35.98157041195217,34.221331294352126
524210,23.991489148047755,29.366285689897897,25.20766577808427,41,39,28.88312538853419,35.98157041195217,34.22133129435213
53,47,47,50,139,154,190,81,63
531,22,19,21,30,20.479163510170935,18.469288837636974,23.53751815802761,44.54179046958822
5311,11,9,10,8,7,5,9.016663648002725,26.54179046958822
53111,6,3.1205192518785325,3.443696775268851,2.4728796108356796,2.4268303908387967,1.0632965738471825,2.9066685675279484,7.046815897904916
531110,6,3.1205192518785325,3.4436967752688505,2.472879610835679,2.4268303908387963,1.0632965738471825,2.906668567527948,7.046815897904916
53112,2.194691645282408,2.7589614962429354,3.112606449462299,2.4103856680749467,2.146339218322406,0.936703426152817,2.1376497995807813,3.965582470512083
531120,2.194691645282408,2.7589614962429354,3.112606449462299,2.4103856680749467,2.1463392183224057,0.936703426152817,2.1376497995807813,3.965582470512084
53113,2.805308354717592,3.1205192518785325,3.443696775268851,3.116734721089374,2.4268303908387967,3,3.972345280893994,15.529392101171222
531130,2.805308354717592,3.1205192518785325,3.4436967752688505,3.116734721089373,2.4268303908387963,3,3.972345280893994,15.529392101171222
5312,2.9650196814236196,2.6582858846042017,3.753762824228365,7.054855027940697,4.479163510170938,4.411142254619676,4.520854510024879,6
53121,2.965019681423619,2.6582858846042017,3.753762824228365,7.054855027940697,4.479163510170938,4.411142254619676,4.520854510024879,6
531210,2.965019681423619,2.6582858846042017,3.753762824228365,7.054855027940697,4.479163510170938,4.411142254619676,4.520854510024879,6
5313,8.034980318576379,7.341714115395797,7.246237175771637,14.945144972059303,9,9.058146583017296,10,12
53131,3.241145701853666,2.902271095065782,3.0836105913834264,7,6,4.729613614283231,7,9
531311,1.6205728509268327,1.4511355475328909,1.5418052956917132,3.87776182774167,3.1619581806798305,2.846862819962176,4.516110238788663,6.17261456875733
531312,1.6205728509268331,1.451135547532891,1.5418052956917132,3.1222381722583292,2.83804181932017,1.882750794321055,2.483889761211336,2.8273854312426683
53132,2.7617343422546226,2.527037536261056,2.0813132921941047,3.9725724860296525,1.500000000005163,2.164266484367033,1.499999999915968,1.500000000115457
531320,2.761734342254622,2.527037536261055,2.0813132921941047,3.9725724860296525,1.500000000005163,2.164266484367033,1.4999999999159679,1.5000000001154568
53139,2.032100274468091,1.9124054840689606,2.0813132921941047,3.9725724860296525,1.4999999999948368,2.164266484367033,1.5000000000840317,1.4999999998845432
531390,2.032100274468091,1.9124054840689606,2.0813132921941047,3.9725724860296525,1.4999999999948368,2.164266484367033,1.5000000000840317,1.4999999998845432
532,25,28,29,109,129,169,55,14.544085380836394
5321,6.1193764197658105,6.809659528354865,6.027235653617865,37.19289710917642,44.52199654423899,25.714054785636726,10.80733915459581,3.85863459434263
53211,,,,18.59644855458821,22.260998272119494,25.714054785636726,10.80733915459581,3.85863459434263
532111,,,,18.59644855458821,22.260998272119494,25.714054785636726,10.80733915459581,3.85863459434263
53212,6.1193764197658105,6.809659528354865,6.027235653617865,18.59644855458821,22.260998272119494,,,
532120,6.1193764197658105,6.809659528354865,6.027235653617865,18.59644855458821,22.260998272119494,,,
5322,8.101796660097559,9.11873132482993,9.189285059025215,32.60542324857714,37.61650970239346,58.78594521436329,10.80733915459581,3.85863459434263
53221,4.05089833004878,4.559365662414966,4.594642529512608,0.0,,,,
532210,4.05089833004878,4.559365662414966,4.594642529512608,0.0,,,,
53228,,,,32.60542324857714,37.61650970239346,58.78594521436329,10.80733915459581,3.85863459434263
532289,,,,32.60542324857714,37.61650970239346,58.78594521436329,10.80733915459581,3.85863459434263
53229,4.05089833004878,4.559365662414966,4.594642529512608,,,,,
532299,4.05089833004878,4.559365662414966,4.594642529512608,,,,,
5323,6.1193764197658105,6.809659528354865,8.349422444692465,19.60083982112323,23.430746876683788,25.714054785636726,10.80733915459581,0.0
53231,6.1193764197658105,6.809659528354865,8.349422444692465,19.60083982112323,23.430746876683788,25.714054785636726,10.80733915459581,0.0
532310,6.1193764197658105,6.809659528354865,8.349422444692465,19.60083982112323,23.430746876683788,25.714054785636726,10.80733915459581,0.0
5324,4.659450500370816,5.26194961846034,5.434056842664462,19.60083982112323,23.430746876683788,58.78594521436329,22.577982536212563,6.826816192151136
53241,4.659450500370816,5.26194961846034,5.434056842664462,19.60083982112323,23.430746876683788,58.78594521436329,22.577982536212563,6.826816192151136
532412,4.659450500370816,5.26194961846034,5.434056842664462,19.60083982112323,23.430746876683788,58.78594521436329,22.577982536212563,6.826816192151136
533,,,,,4.520836489829061,2.5307111623630223,2.4624818419723904,3.9141241495753945
5331,,,,,4.520836489829061,2.5307111623630223,2.4624818419723904,3.9141241495753945
53311,,,,,4.520836489829061,2.5307111623630223,2.4624818419723904,3.9141241495753945
533110,,,,,4.520836489829061,2.5307111623630223,2.4624818419723904,3.9141241495753945
54,96,97,145,126,166,168,225,217
541,96,97,145,126,166,168,225,217
5411,9,8,9,4,8,8,4,30.763685614575664
54111,9,8,9,4,8,8,4,30.763685614575664
541110,9,8,9,4,8,8,4,30.763685614575664
5412,22,32,43,41,55,42,54,56
54121,22,32,43,41,55,42,54,56
541211,5,5,15.003036584577968,5,5,5,5,5
541213,9.122835456803163,15.138779728662,15.003036584577968,17.999999999999353,29.988664282585596,22.088210420434223,24.04020094037714,25.078848001450293
541214,,,,,,7.455894789782888,17.17313154732054,17.858418210375692
541219,7.8771645431968365,11.861220271337999,12.993926830844064,18.00000000000065,20.011335717414408,7.455894789782888,7.786667512302315,8.062733788174015
5413,23,21,47,48,51,27,26,13
54132,,,,12.80193288499244,14.219226362208126,6.883193871811336,6.631109820820808,3.4915729795545634
541320,,,,12.80193288499244,14.219226362208126,6.883193871811336,6.631109820820808,3.4915729795545634
54133,13.856981311611523,12.63276659006266,32.2487592553116,22.396134230015125,22.561547275583738,13.233612256377327,12.737780358358382,6.016854040890874
541330,13.856981311611523,12.63276659006266,32.2487592553116,22.396134230015125,22.561547275583738,13.233612256377327,12.737780358358382,6.016854040890874
54138,9.143018688388477,8.367233409937338,14.751240744688403,12.80193288499244,14.219226362208126,6.883193871811336,6.631109820820808,3.4915729795545634
541380,9.143018688388477,8.367233409937338,14.751240744688403,12.80193288499244,14.219226362208126,6.883193871811336,6.631109820820808,3.4915729795545634
5415,4,6.817283901740046,7.538132574695225,1.8592745215308366,2.980307863271884,10.999999999999998,23.410469787144194,21.811212929552802
54151,4,6.817283901740046,7.538132574695225,1.859274521530835,2.980307863271884,10.999999999999998,23.410469787144194,21.811212929552802
541511,1.7586851893496631,2.798318902897561,3.7690662873476124,1.1462878591321137,1.5621906558071603,10.999999999999998,11.705234893572099,10.9056064647764
541512,2.2413148106503367,4.018964998842485,3.7690662873476124,0.7129866623987203,1.418117207464724,0.0,11.705234893572099,10.905606464776406
5416,5.500000000042037,0.0,4.730933712652388,1.070362739234581,2.019692136728116,10.999999999999998,11.2947651064279,
54161,5.500000000042037,0.0,4.730933712652388,1.0703627392345807,2.0196921367281155,10.999999999999998,11.2947651064279,
541611,5.500000000042037,0.0,4.730933712652388,1.0703627392345805,2.0196921367281155,10.999999999999998,11.2947651064279,
5417,,,,,,10.999999999999998,11.2947651064279,5.4251014558715385
54171,,,,,,10.999999999999998,11.2947651064279,5.4251014558715385
541715,,,,,,10.999999999999998,11.2947651064279,5.4251014558715385
5418,5.499999999957966,4.182716098259954,4.730933712652388,1.070362739234581,,,,
54181,5.499999999957966,4.182716098259954,4.730933712652388,1.0703627392345807,,,,
541810,5.499999999957966,4.182716098259954,4.730933712652388,1.0703627392345805,,,,
5419,27,25,29,29,47,58,95,90
54194,27,25,29,29,31.059803843389965,50.37457271445707,73.95322468122868,69.89624619551697
541940,27,25,29,29,31.059803843389965,50.37457271445707,73.95322468122868,69.89624619551697
54199,,,,,15.940196156610037,7.625427285542939,21.046775318771317,20.103753804483024
541990,,,,,15.940196156610037,7.625427285542939,21.046775318771317,20.103753804483024
56,528,436,374,322,322,444,648,364
561,444.2411070814703,378.1201257210165,335.98647474971506,299.49635190263336,300.2493282062389,404.7179707594929,624.365983911204,343.10785694848727
5611,69.22924298646157,41.20125379302572,31.361067301976796,20.87467914595916,19.39564924614148,29.904542142132154,27.063463982737535,24.477374792438965
56111,69.22924298646157,41.20125379302572,31.361067301976796,20.87467914595916,19.39564924614148,29.904542142132154,27.063463982737535,24.477374792438965
561110,69.22924298646157,41.20125379302572,31.361067301976796,20.87467914595916,19.39564924614148,29.904542142132154,27.063463982737535,24.477374792438965
5613,62.40440472458367,43.46621245188138,36.113641524922215,27.598232760215218,23.234036165692764,81.10063789005567,266,78
56131,,,,,,14.133741090333864,34.984531081766626,7.915541600046943
561311,,,,,,14.133741090333864,34.984531081766626,7.915541600046943
56132,31.202202362291832,21.73310622594069,21.856602138001385,27.598232760215218,23.234036165692764,66.96689679972181,196.03093783646676,53.76843971488083
561320,31.202202362291832,21.73310622594069,21.856602138001385,27.598232760215218,23.234036165692764,66.96689679972181,196.03093783646676,53.76843971488083
56133,31.202202362291832,21.73310622594069,14.257039386920836,,,,34.984531081766626,16.316018685072205
561330,31.202202362291832,21.73310622594069,14.257039386920836,,,,34.984531081766626,16.316018685072205
5614,,22.11316486902734,15.146436918770181,26.960540046844358,30.840852045311962,44.20102945514634,56.529096178810846,11.605578212043243
56141,,22.11316486902734,15.146436918770181,13.48027002342218,13.305543181691041,14.338344770809599,12.930818343815263,0.0
561410,,22.11316486902734,15.146436918770181,13.48027002342218,13.305543181691041,14.338344770809599,12.930818343815263,0.0
56142,,,,13.48027002342218,17.535308863620926,29.862684684336745,43.59827783499558,11.605578212043243
561421,,,,,,14.931342342168373,13.099554635949668,
561422,,,,13.48027002342218,17.535308863620926,14.931342342168373,30.498723199045916,11.605578212043245
5615,31.101527322920745,22.11316486902734,15.146436918770181,14.73233359469974,14.557830718261444,13.799386604139974,12.560690823066032,11.605578212043243
56159,31.101527322920745,22.11316486902734,15.146436918770181,14.73233359469974,14.557830718261444,13.799386604139974,12.560690823066032,11.605578212043243
561591,31.101527322920745,22.11316486902734,15.146436918770181,14.73233359469974,14.557830718261444,13.799386604139974,12.560690823066032,11.605578212043245
5616,62.40440472458367,22.11316486902734,23.072455166505513,27.598232760215218,34.66312931256982,44.91298806387877,40.65204210352353,36.81374751991859
56161,31.202202362291832,22.11316486902734,23.072455166505513,27.598232760215218,21.250467252674078,30.708678326265584,27.737888503382774,24.941945734264817
561611,0.0,,,,,,,
561612,31.202202362291832,22.11316486902734,23.072455166505513,27.598232760215218,21.250467252674078,30.708678326265584,27.737888503382774,24.941945734264817
56162,31.202202362291832,0.0,,,13.41266205989574,14.204309737613194,12.914153600140764,11.871801785653782
561621,,,,,13.41266205989574,14.204309737613194,12.914153600140764,11.871801785653782
561622,31.202202362291832,0.0,,,,,,
5617,188,205,200,167,163,177,209,169
56171,23.999999999991765,19.699480530952187,21.067199586147602,21.158650201529024,21.762497215925777,23.08069843615323,19.69618988997345,21.435843101863234
561710,23.999999999991765,19.699480530952187,21.067199586147602,21.158650201529024,21.762497215925777,23.08069843615323,19.69618988997345,21.435843101863234
56172,58,70,60,31.682699596941944,26.30112571934015,35.9855946234499,30.607620220053104,33.397030487886596
561720,58,70,60,31.682699596941944,26.30112571934015,35.9855946234499,30.607620220053104,33.397030487886596
56173,82,90,92,93,99,107,139,104
561730,82,90,92,93,99,107,139,104
56179,24.00000000000824,25.300519469047806,26.932800413852398,21.158650201529024,15.936377064734085,10.933706940396853,19.69618988997345,10.167126410250164
561790,24.00000000000824,25.300519469047806,26.932800413852398,21.158650201529024,15.936377064734085,10.933706940396853,19.69618988997345,10.167126410250164
5619,31.101527322920745,22.11316486902734,15.146436918770181,14.73233359469974,14.557830718261444,13.799386604139974,12.560690823066032,11.605578212043243
56191,0.0,,,,,,,
561910,0.0,,,,,,,
56192,31.101527322920745,22.11316486902734,15.146436918770181,14.73233359469974,14.557830718261444,13.799386604139974,12.560690823066032,11.605578212043243
561920,31.101527322920745,22.11316486902734,15.146436918770181,14.73233359469974,14.557830718261444,13.799386604139974,12.560690823066032,11.605578212043245
562,83.75889291852977,57.87987427898351,38.013525250284964,22.503648097366547,21.75067179376111,39.28202924050715,23.63401608879585,20.892143051512658
5621,28.6081471733439,20.767550968817307,15.216681528830991,,,12.462181769036603,11.817008044397925,10.446071525756329
56211,28.6081471733439,20.767550968817307,15.216681528830991,,,12.462181769036603,11.817008044397925,10.446071525756329
562111,28.6081471733439,20.767550968817307,15.216681528830991,,,12.462181769036604,11.817008044397925,10.446071525756329
5629,55.15074574518589,37.11232331016621,22.79684372145398,22.503648097366547,21.75067179376111,26.819847471470553,11.817008044397925,10.446071525756329
56299,55.15074574518589,37.11232331016621,22.79684372145398,22.503648097366547,21.75067179376111,26.819847471470553,11.817008044397925,10.446071525756329
562991,55.15074574518589,37.11232331016621,22.79684372145398,22.503648097366547,21.75067179376111,26.819847471470553,11.817008044397925,10.446071525756329
61,87.01117876267362,45.374539965490044,48.41100714546738,79.94844318992142,132.63354958961892,9,7,29
611,87.01117876267362,45.374539965490044,48.41100714546738,79.94844318992142,132.63354958961892,9,7,29
6111,29.08297027170523,15.696306596568979,16.74702951686643,27.076377228702132,,,,
61111,29.08297027170523,15.696306596568979,16.74702951686643,27.076377228702132,,,,
611110,29.08297027170523,15.696306596568979,16.74702951686643,27.076377228702132,,,,
6113,,,,,,,,4.990100221499345
61131,,,,,,,,4.990100221499345
611310,,,,,,,,4.990100221499345
6115,,,,,,,,4.990100221499345
61151,,,,,,,,4.990100221499345
611519,,,,,,,,4.990100221499345
6116,57.928208490968395,29.67823336892107,31.66397762860095,52.87206596121929,132.63354958961892,9,7,19.01979955700131
61161,28.9641042454842,14.839116684460537,15.831988814300479,26.436032980609646,66.31677479480983,3.0,2.0574039552288603,4.944248176691747
611610,28.9641042454842,14.839116684460537,15.831988814300479,26.436032980609646,66.31677479480983,3.0,2.0574039552288603,4.944248176691747
61162,28.9641042454842,14.839116684460537,15.831988814300479,26.436032980609646,66.3167747948091,3.0,2.8851920895422785,9.131303203617815
611620,28.9641042454842,14.839116684460537,15.831988814300479,26.436032980609646,66.3167747948091,3.0,2.8851920895422785,9.131303203617815
61169,,,,,,3.0,2.0574039552288603,4.944248176691747
611691,,,,,,3.0,2.0574039552288603,4.944248176691747
62,609.9888212373189,491.4807888046099,495.6250573384644,621.0515568100689,566.3664504103801,697,617,602
621,107,146,153,165,151,157,149,143
6211,40,53,54,57,51,48,54,54
62111,40,53,54,57,51,48,54,54
621111,40,53,54,57,51,48,54,54
6212,34,49,53,54,53,65,59,49
62121,34,49,53,54,53,65,59,49
621210,34,49,53,54,53,65,59,49
6213,15.757851100025649,19,19,30,33,31,12,17
62131,6.620892396915167,,,13.568219224818261,11.099735667921829,10.376260700696477,1.0252585778410743,1.999999999982678
621310,6.620892396915167,,,13.568219224818261,11.099735667921829,10.376260700696477,1.025258577841074,1.999999999982678
62133,,,,,9.259845307082932,5.557857565794351,0.9747414221589253,2.0000000000173213
621330,,,,,9.259845307082932,5.557857565794351,0.9747414221589253,2.0000000000173213
62134,9.136958703110485,19,19,16.43178077518174,12.640419024995234,15.065881733509173,10,13
621340,9.136958703110485,19,19,16.43178077518174,12.640419024995234,15.065881733509173,10,13
6214,9.71776415213306,14.71255714105073,11.09058928090421,11.050128106368104,5.652548466388417,4.538434236234547,9.543597826137962,7.505109438965138
62149,9.71776415213306,14.71255714105073,11.09058928090421,11.050128106368104,5.652548466388417,4.538434236234547,9.543597826137962,7.505109438965138
621492,9.71776415213306,14.71255714105073,11.09058928090421,11.050128106368104,5.652548466388417,4.538434236234547,9.543597826137962,7.505109438965138
6215,7.524384747841285,10.28744285894927,7.954705359547896,12.949871893631896,8.347451533611581,8.461565763765453,14.456402173862033,11.315012891994302
62151,7.524384747841285,10.28744285894927,7.954705359547896,12.949871893631896,8.347451533611581,8.461565763765453,14.456402173862033,11.315012891994302
621511,,,,6.474935946815949,4.173725766805791,4.230782881882726,9.53065589840488,7.400394342297924
621512,7.524384747841285,10.28744285894927,7.954705359547896,6.474935946815949,4.173725766805791,4.230782881882726,4.925746275457153,3.914618549696379
6216,,,7.954705359547896,0.0,,,,4.179877669040559
62161,,,7.954705359547896,0.0,,,,4.179877669040559
621610,,,7.954705359547896,0.0,,,,4.179877669040559
622,31.113684030043203,16.488064869685626,17.676955722420562,28.962927429859562,48.36645041038012,37.30467704885951,32.86699574612446,36.585429175401494
6221,31.113684030043203,16.488064869685626,17.676955722420562,28.962927429859562,48.36645041038012,37.30467704885951,32.86699574612446,36.585429175401494
62211,31.113684030043203,16.488064869685626,17.676955722420562,28.962927429859562,48.36645041038012,37.30467704885951,32.86699574612446,36.585429175401494
622110,31.113684030043203,16.488064869685626,17.676955722420562,28.962927429859562,48.36645041038012,37.30467704885951,32.86699574612446,36.585429175401494
623,191.87513720727551,61.9927239349243,47.948101616043914,155.08862938020937,87,241.6953229511404,213.13300425387547,181.41457082459848
6231,66.27917948229458,25.12226965581939,17.948101616043914,28.46304025409873,37.41575871201642,90.85733217116008,80.06305162688365,90.70728541229924
62311,66.27917948229458,25.12226965581939,17.948101616043914,28.46304025409873,37.41575871201642,90.85733217116008,80.06305162688365,90.70728541229924
623110,66.27917948229458,25.12226965581939,17.948101616043914,28.46304025409873,37.41575871201642,90.85733217116008,80.06305162688365,90.70728541229924
6233,125.59595772498093,36.87045427910492,30,126.62558912611065,49.58424128798359,150.83799077998034,133.06995262699186,90.70728541229924
62331,125.59595772498093,36.87045427910492,30,126.62558912611065,49.58424128798359,150.83799077998034,133.06995262699186,90.70728541229924
623311,29.736428111716343,14.409093105482338,11.318543789002215,,,,,
623312,95.8595296132646,22.461361173622592,18.68145621099779,126.62558912611065,49.58424128798359,150.83799077998034,133.06995262699186,90.70728541229924
624,280,267,277,272,280,261,222,241
6241,63.8403019315294,60.676584623770125,16,14,15,56.015609101011634,38.43658408110694,42.30103089756113
62412,22.483922605510045,21.421213136217915,8.625208183022359,6.999999999951557,7.499999999726816,38.47046639447583,38.43658408110694,42.30103089756113
624120,22.483922605510045,21.421213136217915,8.625208183022359,6.999999999951557,7.499999999726816,38.47046639447583,38.43658408110694,42.30103089756113
62419,41.356379326019365,39.255371487552225,7.374791816977645,7.00000000004844,7.5000000002731815,17.545142706535813,0.0,
624190,41.356379326019365,39.255371487552225,7.374791816977645,7.00000000004844,7.5000000002731815,17.545142706535813,0.0,
6242,23.079849034235295,21.661707688114937,43.49999999940526,40.00000000022668,41.000000000200636,16.992195449494176,17.281707959446525,18.849484551219433
62423,23.079849034235295,21.661707688114937,43.49999999940526,40.00000000022668,41.000000000200636,16.992195449494176,17.281707959446525,18.849484551219433
624230,23.079849034235295,21.661707688114937,43.49999999940526,40.00000000022668,41.000000000200636,16.992195449494176,17.281707959446525,18.849484551219433
6243,23.079849034235295,21.661707688114937,43.50000000059474,39.999999999773316,40.999999999799364,16.992195449494176,17.281707959446525,18.849484551219433
62431,23.079849034235295,21.661707688114937,43.50000000059474,39.999999999773316,40.999999999799364,16.992195449494176,17.281707959446525,18.849484551219433
624310,23.079849034235295,21.661707688114937,43.50000000059474,39.999999999773316,40.999999999799364,16.992195449494176,17.281707959446525,18.849484551219433
6244,170,163,174,178,183,171,149,161
62441,170,163,174,178,183,171,149,161
624410,170,163,174,178,183,171,149,161
71,29,23,21,24,27,24,16,33
711,5.957937072017795,6.251889519394804,5.577612054296171,7.055736525911193,7.8383112351556266,7.0174156035331245,1.8001116206942016,3.1971852223243107
7111,,,,,3.9191556175778133,3.508707801766562,0.9000558103471006,1.5985926111621553
71113,,,,,3.9191556175778133,3.508707801766562,0.9000558103471005,1.5985926111621551
711130,,,,,3.9191556175778133,3.508707801766562,0.9000558103471004,1.5985926111621551
7115,5.957937072017795,6.251889519394804,5.577612054296171,7.055736525911193,3.9191556175778133,3.508707801766562,0.9000558103471006,1.5985926111621553
71151,5.957937072017795,6.251889519394804,5.577612054296171,7.055736525911193,3.9191556175778133,3.508707801766562,0.9000558103471005,1.5985926111621551
711510,5.957937072017795,6.251889519394804,5.577612054296171,7.055736525911193,3.9191556175778133,3.508707801766562,0.9000558103471004,1.5985926111621551
713,23.042062927982204,16.748110480605195,15.422387945703829,16.944263474088807,19.161688764844374,16.982584396466876,14.199888379305795,29.80281477767569
7139,23.042062927982204,16.748110480605195,15.422387945703829,16.944263474088807,19.161688764844374,16.982584396466876,14.199888379305794,29.80281477767569
71394,18,11,11,10,16,12,14,29
713940,18,11,11,10,16,12,14,29
71399,5.0420629279822045,5.748110480605193,4.422387945703829,6.944263474088809,3.161688764844374,4.982584396466877,0.19988837930579254,0.8028147776756843
713990,5.0420629279822045,5.748110480605193,4.422387945703829,6.944263474088809,3.161688764844374,4.982584396466877,0.19988837930579229,0.8028147776756842
72,867,760,715,814,807,898,730,810
721,74,79,77,105,69,73,63,81
7211,56.77930819175844,63.621180411341804,61.02954566020979,85.06755615287751,51.01897666158718,67.48102564564276,58.093061063932424,75.27016835379305
72111,56.77930819175844,63.621180411341804,61.02954566020979,85.06755615287751,51.01897666158718,67.48102564564276,58.093061063932424,75.27016835379305
721110,56.77930819175844,63.621180411341804,61.02954566020979,85.06755615287751,51.01897666158718,67.48102564564276,58.093061063932424,75.27016835379305
7212,17.220691808241565,15.378819588658207,15.970454339790198,19.932443847122464,17.981023338412808,5.518974354357239,4.906938936067568,5.7298316462069385
72121,17.220691808241565,15.378819588658207,15.970454339790198,19.932443847122464,17.981023338412808,5.518974354357239,4.906938936067568,5.7298316462069385
721214,17.220691808241565,15.378819588658207,15.970454339790198,19.932443847122464,17.981023338412808,5.518974354357239,4.906938936067568,5.7298316462069385
722,793,681,638,709,738,825,667,729
7223,59.8534959912001,43.71574204328249,37.24924220961128,57.46672841853311,57.82563634175748,43.821754155774094,20.934271818387828,55.45411508554593
72231,29.926747995600053,21.857871021641245,18.62462110480564,35.24625585619446,35.16429765464121,30.0741172752142,13.959438130381944,27.727057542772968
722310,29.926747995600053,21.857871021641245,18.62462110480564,35.24625585619446,35.16429765464121,30.0741172752142,13.959438130381944,27.727057542772968
72232,29.926747995600053,21.857871021641245,18.62462110480564,22.22047256233865,22.661338687116274,13.747636880559895,6.974833688005887,27.727057542772968
722320,29.926747995600053,21.857871021641245,18.62462110480564,22.22047256233865,22.661338687116274,13.747636880559895,6.974833688005887,27.727057542772968
7225,733.1465040088002,637.2842579567175,600.7507577903887,651.5332715814668,680.1743636582426,781.1782458442258,646.065728181612,673.545884914454
72251,733.1465040088002,637.2842579567175,600.7507577903887,651.5332715814668,680.1743636582426,781.1782458442258,646.065728181612,673.545884914454
722511,175,152,145,162,142,218,129,121
722513,499,454,407,433,471,494,496,473
722514,59.14650400880004,31.284257956717497,48.75075779038866,56.53327158146699,46.46644119054623,49.948574267172596,16.040766757390244,14
722515,,,,,20.70792246769616,19.229671577053264,5.024961424221971,65.54588491445408
81,138,150,153,159,150,161,169,190
811,90,115,121,126,116,125,144,159
8111,87,100,106,110,108,105,123,121
81111,28.355361967542247,27.108226845069016,15.310333180424424,14,34.86645941172337,29.973868761208887,32.168029941743775,25.305044411840115
811111,28.355361967542247,27.108226845069016,15.310333180424424,14,34.86645941172337,29.973868761208887,32.168029941743775,25.30504441184012
81112,24,34.71383511757841,24.689666819575585,31,28,35,48,42.69495558815988
811121,14.82878477253917,22,15.440097296239347,19.6500688545921,17.149755761334788,29.599568528033565,41.48915741916039,31.246094581344252
811122,9.171215227460833,12.713835117578409,9.24956952333623,11.349931145407904,10.850244238665217,5.4004314719664395,6.5108425808396015,11.448861006815626
81119,34.64463803245775,38.17793803735259,66,65,45.13354058827664,40.02613123879109,42.8319700582562,53
811192,12.981455393391366,17.103923668147907,29.188887492297415,32.49999999993546,22.566770294138323,16.29637752649408,17.32826487476757,26.500000000000064
811198,21.663182639066385,21.074014369204683,36.811112507702575,32.50000000006453,22.566770294138323,23.72975371229701,25.50370518348864,26.49999999999993
8112,0.855214118667908,4.382203360273439,4.485874980307237,6.933300649857977,3.7513260646886284,6.83044544289353,7.095327561172756,9.037328248041314
81121,0.8552141186679074,4.382203360273439,4.485874980307237,6.933300649857977,3.7513260646886284,6.83044544289353,7.095327561172756,9.037328248041314
811212,0.0,,,,,,,
811219,0.8552141186679071,4.382203360273439,4.485874980307237,6.933300649857977,3.7513260646886284,6.83044544289353,7.095327561172756,9.037328248041314
8113,1.2895717626641812,6.235593279453122,6.028250039385526,9.066699350142022,4.248673935311372,13.169554557106466,13.904672438827243,28.962671751958677
81131,1.2895717626641796,6.235593279453122,6.028250039385526,9.066699350142022,4.248673935311371,13.169554557106466,13.904672438827243,28.962671751958677
811310,1.2895717626641785,6.235593279453122,6.028250039385526,9.066699350142022,4.248673935311371,13.169554557106467,13.904672438827243,28.962671751958677
8114,0.855214118667908,4.382203360273439,4.485874980307237,,,,,
81141,0.8552141186679074,4.382203360273439,4.485874980307237,,,,,
811411,0.8552141186679071,4.382203360273439,4.485874980307237,,,,,
81142,0.0,,,,,,,
811420,0.0,,,,,,,
812,27,15,13,18,19,23,15,22
8121,10.9114718240554,4.425769429801667,,,5.737083246829793,4.983061809454802,3.494637857107497,4.704282352649392
81211,5.4557359120277,,,,5.737083246829793,4.983061809454802,3.494637857107497,4.704282352649392
812112,,,,,5.737083246829793,4.983061809454802,3.494637857107497,4.704282352649392
812113,5.4557359120277,,,,,,,
81219,5.4557359120277,4.425769429801667,,,,,,
812199,5.4557359120277,4.425769429801667,,,,,,
8122,8.0442640879723,5.2871152850991665,6.500000000134546,9.000000000029933,6.631458376585103,9.008469095272597,5.752681071446251,8.647858823675302
81221,8.0442640879723,5.2871152850991665,6.500000000134546,9.000000000029933,6.631458376585103,9.008469095272597,5.752681071446251,8.647858823675302
812210,8.0442640879723,5.2871152850991665,6.500000000134546,9.000000000029933,6.631458376585103,9.008469095272597,5.752681071446251,8.647858823675302
8129,8.0442640879723,5.2871152850991665,6.499999999865455,8.999999999970065,6.631458376585103,9.008469095272597,5.752681071446251,8.647858823675302
81291,8.0442640879723,5.2871152850991665,6.499999999865455,8.999999999970065,6.631458376585103,9.008469095272597,5.752681071446251,8.647858823675302
812910,8.0442640879723,5.2871152850991665,6.499999999865455,8.999999999970065,6.631458376585103,9.008469095272597,5.752681071446251,8.647858823675302
813,14,11.213642560190175,10.873788712566878,10.592739285116863,10.98498639218843,10.043809270575585,6.546753120781844,4.907747174888118
8133,,,,3.19243532839694,4.066900523528316,4.43781199295894,2.182251040260615,2.453873587444059
81331,,,,3.19243532839694,4.066900523528316,4.43781199295894,2.182251040260615,2.453873587444059
813312,,,,3.19243532839694,4.066900523528316,4.43781199295894,2.182251040260615,2.453873587444059
8134,6.039613532684385,5.49508477510197,5.369940948185837,3.19243532839694,3.459042934330057,2.802998638808323,2.182251040260615,2.453873587444059
81341,6.039613532684385,5.49508477510197,5.369940948185837,3.19243532839694,3.459042934330057,2.802998638808323,2.182251040260615,2.453873587444059
813410,6.039613532684385,5.49508477510197,5.369940948185837,3.19243532839694,3.459042934330057,2.802998638808323,2.182251040260615,2.453873587444059
8139,7.960386467315615,5.718557785088207,5.503847764381042,4.207868628322984,3.459042934330057,2.802998638808323,2.182251040260615,0.0
81391,7.960386467315615,5.718557785088207,5.503847764381042,4.207868628322984,3.459042934330057,2.802998638808323,2.182251040260615,0.0
813910,7.960386467315615,5.718557785088207,5.503847764381042,4.207868628322983,3.459042934330057,2.802998638808323,2.182251040260615,0.0
814,7,8.786357439809827,8.126211287433126,4.407260714883137,4.0150136078115715,2.9561907294244136,3.453246879218155,4.092252825111882
8141,7,8.786357439809827,8.126211287433126,4.407260714883137,4.0150136078115715,2.9561907294244136,3.453246879218155,4.092252825111882
81411,7,8.786357439809827,8.126211287433126,4.407260714883137,4.0150136078115715,2.9561907294244136,3.453246879218155,4.092252825111882
814110,7,8.786357439809827,8.126211287433126,4.407260714883137,4.0150136078115715,2.9561907294244136,3.4532468792181548,4.092252825111882
99,28,154.47756553882763,135.88094282164695,8,7,11,9,28
999,28,154.47756553882763,135.88094282164695,8,7,11,9,28
9999,28,154.47756553882763,135.88094282164695,8,7,11,9,28
99999,28,154.47756553882763,135.88094282164695,8,7,11,9,28
999999,28,154.47756553882763,135.88094282164695,8,7,11,9,28
