,2020
10,0.07693345472216606
11,0.11208460111811291
111,0.09186927551490953
1111,0.07194285022197278
11111,0.032049166578794086
111110,0.005954418777790238
11114,0.02144757046664303
111140,0.005425020490541499
11115,0.06323931357212587
111150,0.006145424836091706
11119,0.04342842322812146
111191,0.00398384447925082
111199,0.004364077927601073
1112,0.02376145351536252
11121,0.002835877663528663
111211,0.0008375068265459168
111219,0.004548808557501616
1113,0.02212319563705023
11133,0.002861182418655517
111331,0.0009384583136409219
111332,0.0014334385495544666
111333,0.0012114448535740507
111334,0.0020982765045118867
111335,0.0031590451779948125
111336,0.001433365418414212
111339,0.0015323592169806943
1114,0.0834252993518021
11141,0.1408057848931321
111411,0.053963838467552705
111419,0.0965334940581215
11142,0.0553378218837679
111421,0.008340382502410648
111422,0.005217277518113406
1119,0.021905371030698007
11191,0.0010803437504591784
111910,0.0016742106624505482
11192,0.0022657273073036777
111920,0.003893624874649504
11193,0.0011029014993564831
111930,0.0005839241100689299
11194,0.0017204802451828982
111940,0.0021750848928476785
11199,0.002680133923604444
111992,0.0032905845321238303
111998,0.00396458567109903
112,0.11086660148612282
1121,0.03158660055987639
11211,0.002860923206469579
112111,0.0048291261977624345
112112,0.0013604571520247077
11212,0.0025508233572963945
112120,0.004142000052070216
1122,0.011848855772257139
11221,0.00027988964568237407
112210,0.001988399394207363
1123,0.03386513457280671
11231,0.031668968275539555
112310,0.0013759599610239093
11232,0.04451183532012237
112320,0.000671661146839142
11234,0.030109127006880954
112340,0.0014660956405805337
11239,0.017455893742948092
112390,0.0020330364493474917
1124,0.007039011303362486
11241,3.425447286398153e-05
112410,0.0004671430374174612
11242,3.4207039000921924e-05
112420,0.0004671552785979749
1125,0.008196035132471025
11251,0.00020110117888094692
112511,0.000729167801967634
112519,0.000815217575031113
1129,0.02431435063056142
11291,0.001086175969390979
112910,0.00212059950257526
11292,0.0013101596504014879
112920,0.0026673210257612823
11299,0.0014193477850596992
112990,0.0029377959137946164
113,0.11057135731243761
1131,0.028495171408906117
11311,0.0014419333863315842
113110,0.004048142737985927
1132,0.01602273885367822
11321,9.979045618990767e-05
113210,0.002205424152265323
1133,0.04095088726262475
11331,0.0029522571503548534
113310,0.005828057743201498
114,0.035031140114824666
1141,0.0027950125856985863
11411,0.002066748896469406
114111,0.0008097896848102693
114112,0.000935095229637195
1142,0.0059555865252605145
11421,0.003366487313314792
114210,0.003066616738749417
115,0.10872780407225946
1151,0.02824819658690103
11511,0.0028138898887846153
115111,0.0029115027327861753
115112,0.003666860322937282
115113,0.0014304322423726035
115114,0.0033328106783301337
115115,0.0025358874911489693
115116,0.0024775843823334753
1152,0.02581136449339283
11521,0.0019428968806778357
115210,0.004275295556453784
1153,0.032276855002578486
11531,0.0028591754766011945
115310,0.0053395525713995085
21,0.1595475199228531
212,0.013380546192820475
2123,0.009323486794528435
21231,0.0004559747953862825
212311,0.0016538516614161836
212312,0.0015690237364651693
212313,0.0035083954142010043
212319,0.0015689870737105593
21232,0.08200497402776818
212321,0.056312076660731236
212322,0.032511111504462065
212324,0.04597768034636829
212325,0.03981770458722167
21239,0.000636062081611044
212391,0.0006877213757610079
212393,0.0008878166592722891
212399,0.0010506377308416859
213,0.008245525172583257
2131,0.004464826413368428
21311,0.004574294873918916
213111,0.002540411330684833
213112,0.0016630334060323548
213113,0.0011088180397957892
213114,0.0009603303297647248
213115,0.0018385755969347883
22,0.17591636566794477
221,0.02413385691397707
2211,0.05320320925784472
22111,0.005042198219598504
221111,0.0010496819352283637
221112,0.0017404150771653804
221113,0.0011734513216197229
221114,0.0013881571497478262
221117,0.0010495257801323987
221118,0.0009090966268381351
22112,0.009154819179457263
221121,0.0014307364822343516
221122,0.006587721936739399
2212,0.025554815600798975
22121,0.005754570873705234
221210,0.0036366960214309074
2213,0.03767007063311212
22131,0.006872632900240205
221310,0.004766992420854876
22132,0.0026645819290465056
221320,0.0019910843934667355
23,0.08803342166356742
236,0.3498100319557125
2361,0.015736616092908662
23611,0.10943377561852685
236115,0.10534557960454549
236116,0.06967944751613686
236117,0.08328289225028129
236118,0.11173561158648226
2362,0.12487427261658013
23621,0.08460668243515101
236210,0.01178745343531773
23622,0.11139872972125886
236220,0.013284817749081412
237,0.1651063457102282
2371,0.12164463209410314
23711,0.052788671251619235
237110,0.009236253436938568
23712,0.030861603312814623
237120,0.006654691448147787
23713,0.04891814097391034
237130,0.008796871483355062
2372,0.11612154842782729
23721,0.014137085715447029
237210,0.005258641800082842
2373,0.14026377260415757
23731,0.01536565483729646
237310,0.005984485398585093
2379,0.13550988934002817
23799,0.015132244838241604
237990,0.005839880633629946
238,0.015998156333807856
2381,0.1890850357885938
23811,0.24738390512720798
238111,0.15117401977863665
238112,0.15247168488940588
23812,0.07178496260030442
238121,0.004308708478969692
238122,0.009919367714701366
23813,0.07550903531409858
238131,0.009489094000286968
238132,0.006172108180919622
23814,0.07908508143964355
238141,0.008916391542015845
238142,0.008254977012711606
23815,0.07343315682373941
238151,0.007974516146077804
238152,0.00843585541133507
23816,0.08324134653685178
238161,0.188834653501317
238162,0.14627063995339995
23817,0.06999163684565701
238171,0.009689055195622132
238172,0.0051065655987656555
23819,0.07459585381138822
238191,0.006661023899653173
238192,0.009503837580723484
2382,0.054380273577407934
23821,0.16314131590843317
238211,0.06636907110259926
238212,0.06438746079948032
23822,0.019139295603963546
238221,0.2554312911743182
238222,0.21412134245838388
23829,0.2507184961496023
238291,0.0297113110077305
238292,0.0487813370218646
2383,0.09575547218264546
23831,0.27751789002377336
238311,0.10770952100824616
238312,0.09753507210234602
23832,0.17221337288629002
238321,0.015597359955791035
238322,0.012412725440299255
23833,0.10373170830871459
238331,0.07881146419549623
238332,0.06263300790931225
23834,0.2194765771001812
238341,0.05859974986839234
238342,0.03836252924332939
23835,0.1818775256083427
238351,0.017184826899210748
238352,0.010631229284626897
23839,0.21610835164028686
238391,0.053573809102545056
238392,0.05175725133767628
2389,0.1854865943241748
23891,0.17229060212957847
238911,0.2404035057315923
238912,0.2616554294654634
23899,0.0804049158723501
238991,0.00910575890702603
238992,0.008968830430603703
311,0.044966744564590044
3111,0.024308304769647293
31111,0.07773917211466141
311111,0.053769696584936355
311119,0.09026429745097175
3112,0.011465129567113763
31121,0.0009173759432030693
311211,0.0012628867143575917
311213,0.0006312159780190462
31122,0.0007070472155419338
311224,0.0013847746409396677
311225,0.0012819966602819477
31123,0.0007983530586557208
311230,0.00084866257310523
3113,0.01255561908465097
31131,0.0008767402309217687
311314,0.0007050983635394914
31134,0.000803775250687977
311340,0.0021556871704433433
31135,0.0011917042086224683
311351,0.0012076198523089943
311352,0.0016351736671254002
3114,0.013129788260584974
31141,0.0012851049737037101
311411,0.001077843512518939
311412,0.0015988881207249506
31142,0.001408425137242375
311421,0.002169798710951909
311423,0.0008857995115188443
3115,0.0076164592260283825
31151,0.0009365111724264352
311511,0.000715572782127083
311512,0.0005059446918113013
311513,0.0009467577344253186
311514,0.0007158025452572411
31152,0.00042370123009050076
311520,0.0013198032002037507
3116,0.022237258490349632
31161,0.003346407596836798
311611,0.0030805437390881707
311612,0.002972523492644541
311613,0.001279259373866637
311615,0.003335636625706684
3117,0.006989968528159807
31171,0.0003032563043916525
311710,0.0015187933670404163
3118,0.08213428437920811
31181,0.18642061815262423
311811,0.10783618517780269
311812,0.09888680611675227
311813,0.03982110468598421
31182,0.025753531101599947
311821,0.00501220041974193
311824,0.0038824005251854032
31183,0.017710417331272765
311830,0.005192191191781603
3119,0.018216136675619055
31191,0.001315759546287154
311911,0.001567410847201245
311919,0.0016625670150460792
31192,0.0015893612237505295
311920,0.0023101111880805547
31193,0.0012145668921448305
311930,0.0012171398426517044
31194,0.001353449737507617
311941,0.0014746080479426382
311942,0.001848592514761549
31199,0.0018248766041324416
311991,0.0026934136981253687
311999,0.002297019148159052
312,0.009005829042507685
3121,0.0010348953892389545
31211,0.0684987402328261
312111,0.04673508523455894
312112,0.059902125103008075
312113,0.05444467691233967
31212,0.006109387843480363
312120,0.0038721544037798594
31213,0.005112292817671005
312130,0.0032963091411488676
31214,0.0034946849211507924
312140,0.0018835032435333687
3122,0.0025781549785466318
31223,0.0016811837567933807
312230,0.0015374991409879968
313,0.008909211257559946
3131,0.0034969269054272445
31311,0.003630344472185243
313110,0.0036436865902942372
3132,0.004434045887137472
31321,0.0027232446600464755
313210,0.003217357053927117
31322,0.0016643101490103618
313220,0.0011894140083512639
31323,0.0020806015920697973
313230,0.002431702259400481
31324,0.0013595842640771326
313240,0.0006583359069723055
3133,0.0037144592479307903
31331,0.0035925075681007
313310,0.003739696278671545
31332,0.0017487626395222833
313320,0.0018078931539946552
314,0.10573638760615722
3141,0.26451380817889003
31411,0.09556014560439507
314110,0.012642769434023649
31412,0.1375513045873049
314120,0.012897558353870409
3149,0.12448187586687709
31491,0.005046903152333471
314910,0.003395391683170601
31499,0.08242074501686147
314994,0.03760771805946206
314999,0.06963614284245523
315,0.06886312309211462
3151,0.013998402177177887
31511,0.003817746048583784
315110,0.0012725820390216691
3152,0.07504893951954728
31521,0.0068935893800983195
315210,0.003773169687264044
31522,0.005570369319571
315220,0.0031392623656074647
31524,0.0046901103605136996
315240,0.0027114996555042126
31528,0.003623439257296468
315280,0.002182855764544911
3159,0.03157032474766197
31599,0.006471826335499031
315990,0.0024515199559118628
316,0.005215140608697766
3161,0.0012814066846402739
31611,0.0012871972326209402
316110,0.0012883964257213165
3162,0.0016948417681703631
31621,0.0017031327801362295
316210,0.0017045765545731228
3169,0.002361694821509275
31699,0.0026445030120498814
316992,0.000935295078899105
316998,0.0020204594011872246
31_33,0.09184755338355899
321,0.011109715444035828
3211,0.0060991654954705155
32111,0.006040198362825322
321113,0.005491536726367485
321114,0.0028619711218880184
3212,0.0022442551708081737
32121,0.0638044954630459
321211,0.04033113264540589
321212,0.023285206918899348
321213,0.02328516482367604
321214,0.06269724446542568
321219,0.026033578079477593
3219,0.006141596599263721
32191,0.00449592189715986
321911,0.0031936923251123517
321912,0.002138267146108319
321918,0.003354813441319493
32192,0.004124138706174563
321920,0.004390424398934556
32199,0.004560214533285034
321991,0.0019802355668616656
321992,0.0025331072640710772
321999,0.00368056416834861
322,0.015795123978023184
3221,0.08848865710751852
32211,0.05137004015432467
322110,0.00613705302703238
32212,0.051999070585679874
322121,0.005307595683234467
322122,0.0029441455824326113
32213,0.04927799762936047
322130,0.006137150209724496
3222,0.007372713182121515
32221,0.002827981306836591
322211,0.0027987350454168336
322212,0.002072514167366535
322219,0.002010670068102627
32222,0.002232944554179994
322220,0.00247713169119379
32223,0.000792827287284581
322230,0.0009042804682053429
32229,0.12300053318654136
322291,0.06140061472342495
322299,0.10634894553163576
323,0.014612547518481733
3231,0.06889393770870811
32311,0.06568238471481891
323111,0.0010596003139653476
323113,0.0009156578028068907
323117,0.00029973132099314626
32312,0.028239031211228394
323120,0.0026875850307988003
324,0.0073407972593031445
3241,0.0044631014964124915
32411,0.0014746970661008163
324110,0.001555236212567479
32412,0.003579389271862965
324121,0.003306003339446306
324122,0.0017362956141369068
32419,0.0022838874500905604
324191,0.0016278101377622534
324199,0.0008915872346580977
325,0.020032365198858315
3251,0.0990473168249082
32512,0.031926094156574436
325120,0.004525208674181158
32513,0.040977439167136254
325130,0.00448520767838545
32518,0.039306753937808026
325180,0.004502258548200189
32519,0.0489989340557031
325193,0.001574948544593724
325194,0.002033110776267222
325199,0.0031497740276336117
3252,0.10148291240147955
32521,0.1531631652969736
325211,0.08537896520670074
325212,0.04194770632986433
32522,0.03947425421893058
325220,0.003983831031519003
3253,0.03370539494449076
32531,0.09799817802661437
325311,0.06642855744829035
325314,0.08497575467936258
32532,0.0017449687624662147
325320,0.0016539659571321863
3254,0.018667161165467405
32541,0.005369573885218415
325411,0.0017654352191129874
325412,0.002558448707077332
325413,0.0013675219759932133
325414,0.0015790809425766383
3255,0.04472081074482048
32551,0.07836007358218922
325510,0.011266078206972452
32552,0.037594006495965004
325520,0.008106446143528956
3256,0.027051315167227585
32561,0.00602887948116404
325611,0.0033657488149856363
325612,0.00307254350286712
325613,0.0016257252126479216
32562,0.0036841810632495253
325620,0.0028697548489162727
3259,0.11501307468006416
32591,0.024267966727904877
325910,0.00586279592417327
32592,0.01597922529132938
325920,0.005326408647509309
32599,0.07995498779018817
325991,0.002730313845404453
325992,0.001576446086744454
325998,0.003861219470309152
326,0.10324028368995641
3261,0.12862456632501562
32611,0.006501307027065195
326111,0.0015862336306895486
326112,0.002047816255753787
326113,0.0027474311500554904
32612,0.006180263032319999
326121,0.002057934786535043
326122,0.0027439332197900512
32613,0.003520910933957566
326130,0.0017035407362868682
32614,0.005123633027778851
326140,0.003018087274995196
32615,0.0045279082125944115
326150,0.002312485052698321
32616,0.004071880190167576
326160,0.0024772718188614817
32619,0.008686526429301011
326191,0.0024886127509944345
326199,0.004655810038457275
3262,0.08424990936964605
32621,0.09492885934287187
326211,0.05897626202113315
326212,0.10214986735286402
32622,0.009783121715713605
326220,0.0035123050677157153
32629,0.013609222913146368
326291,0.003007808353913788
326299,0.0032487781140844163
327,0.011177220145327738
3271,0.003421748952632697
32711,0.0026642746961442754
327110,0.002788742866073335
32712,0.0023688738847340574
327120,0.002476207835115929
3272,0.003073954673936896
32721,0.0036821399851305614
327211,0.0014160329451726739
327212,0.0015137719445590392
327213,0.0013109426371329391
327215,0.0021407813899259054
3273,0.006015959240357915
32731,0.0029608988295990457
327310,0.002839639393585003
32732,0.004808708317796118
327320,0.005381829862926679
32733,0.002657809562606417
327331,0.0018881819300986535
327332,0.0013351851266349968
32739,0.003664326775833615
327390,0.0040803202991810394
3274,0.00217885830340947
32742,0.002302616230849708
327420,0.0023200484001790755
3279,0.00444845969468588
32791,0.001527757955642528
327910,0.0015671198812867715
32799,0.004869751439400716
327991,0.0036654440364145557
327992,0.0010298891599518356
327993,0.002059708739125199
327999,0.0022247659838967593
331,0.008745571781219041
3311,0.0027393527469712353
33111,0.0030498939185008567
331110,0.0030852534090399786
3312,0.0021950501256924326
33121,0.0016518327668677557
331210,0.0017884377707559906
33122,0.0018657852461387847
331221,0.0011166003388325407
331222,0.000912193492354163
3313,0.0022972268852754496
33131,0.0029318152805899445
331313,0.0010023144411661633
331314,0.000871398389569019
331315,0.0011236389421185322
331318,0.001437041492181379
3314,0.010329129326237307
33141,0.0053055144908285
331410,0.001802234367573874
33142,0.0098473336099687
331420,0.0031317125640271115
33149,0.11941176297749223
331491,0.10528477097538769
331492,0.09117853867124381
3315,0.0183484394772222
33151,0.127561547618825
331511,0.10430613878907025
331513,0.08815326210148555
33152,0.007758739952407723
331523,2.1997556672204155e-05
331524,3.188124401276582e-05
331529,2.2478808578085818e-05
332,0.06760354906873545
3321,0.05785765390533015
33211,0.009589607778252685
332111,0.0015109225759886158
332112,0.0013514033279307114
332114,0.0020271123913744304
332119,0.0032405464695557384
3322,0.04633015472961688
33221,0.008393520164986512
332215,0.002259727104572562
332216,0.002917296803275349
3323,0.14068981967648142
33231,0.04149468216292007
332311,0.0014894880380325048
332312,0.001453600728609672
332313,0.0010780183072824912
33232,0.013029483927311958
332321,0.03448009645126149
332322,0.04748434278189961
332323,0.03678126196678022
3324,0.058070729694918555
33241,0.003414661617625825
332410,0.001989798976410384
33242,0.006989784320808212
332420,0.0035915471316911862
33243,0.004976948441935747
332431,0.0016734695271907185
332439,0.0016734758324901122
3325,0.029649677279735442
33251,0.006513037254308074
332510,0.0028068197875654732
3326,0.03488544082341605
33261,0.007215452694708802
332613,0.001448602621678674
332618,0.0025091565428851936
3327,0.14906395892921864
33271,0.053997856818568835
332710,0.0006969895184738562
33272,0.024336206173984465
332721,0.0011031744635943141
332722,0.0008147503699547087
3328,0.06088457660052882
33281,0.056455945330981194
332811,0.027480412833227774
332812,0.06503049470688893
332813,0.0638586643723329
3329,0.07178121523520531
33291,0.0968565708492406
332911,0.06402022918939565
332912,0.05061244049639413
332913,0.059885443220196066
332919,0.05988545504911258
33299,0.00203337372158785
332991,0.0015134568575376761
332992,0.0011965954919972432
332994,0.0024520858418100033
332996,0.001692107238227436
332999,0.0028815191924422834
333,0.049668993429804686
3331,0.025334348862998013
33311,0.0019348515422734636
333111,0.003225207573677835
333112,0.0014864086641637186
33312,0.001342019278126827
333120,0.002928048346802825
33313,0.0010048296071687446
333131,0.0007385557590922076
3332,0.02113210478592009
33324,0.0018477145349606872
333241,0.0019838650028987104
333242,0.0008872407531856277
333243,0.001983908817749125
333244,0.0014489155103660778
333249,0.0022328281798991156
3333,0.027290602683933685
33331,0.07371391774631775
333314,0.050072564123361474
333316,0.050072594627518896
333318,0.08345434950615527
3334,0.02795466809948266
33341,0.0711184812553256
333413,0.04255828870634559
333414,0.04255831739655491
333415,0.0837761628708904
3335,0.022123919431578543
33351,0.001912777812776767
333511,0.001987790940006562
333514,0.0022539320331702584
333515,0.0018403219818878824
333517,0.0025478135361254317
333519,0.001301309947471907
3336,0.02651846487719922
33361,0.0869267818429762
333611,0.06753742806171203
333612,0.055144135275696726
333613,0.06165304916100922
333618,0.07798565028610938
3339,0.03490474803857069
33391,0.13546599148844507
333912,0.06573051326307677
333914,0.09581778361018678
33392,0.038872975971344204
333921,0.0005270852130934145
333922,0.0007757103478525096
333923,0.0006454729683582627
333924,0.0008051044574131083
33399,0.04308144910055489
333991,0.00020220400543280448
333992,0.0003197868721542818
333993,0.0003196710404154146
333994,0.00022611687234075362
333995,0.00030341437927461357
333996,0.00020215731348116606
333997,0.00020220412440608015
333999,0.00037818868196382027
334,0.06796525432037015
3341,0.026461472217761184
33411,0.0020927151326759486
334111,0.0012239577592936257
334112,0.0009347560968535618
334118,0.0007900838097611995
3342,0.026609865230511787
33421,0.0005964875719541851
334210,0.0009514516951547591
33422,0.0008408674982547382
334220,0.0012899688392735698
33429,0.0008409513934282131
334290,0.001289951510358378
3343,0.01865404681984728
33431,0.0022826168827805304
334310,0.0007135629152799083
3344,0.036032527536008274
33441,0.001679191203947994
334412,0.0008845276508822053
334413,0.0007911431563485394
334416,0.0007911431734726193
334417,0.0008845015906899789
334418,0.0011188180480417032
334419,0.001426207162467108
3345,0.04380315025036907
33451,0.001230119630236004
334510,0.0013618672252277975
334511,0.0011613695405969793
334512,0.0009181430550597725
334513,0.0016424498828655487
334514,0.0008212067168216208
334515,0.0009181539844576037
334516,0.0011613724673225079
334517,0.001161369948022184
334519,0.0011613938195296214
3346,0.026454991782088655
33461,0.0020564138632579443
334613,0.0004814832554284054
334614,0.0012275470606510908
335,0.05952753509154718
3351,0.02722524860610065
33511,0.00026487858229664723
335110,0.0005452777046560523
33512,0.0002988315682159737
335121,0.0011418196749417575
335122,0.0019775125356318313
335129,0.0011418075189197907
3352,0.14317955829574203
33521,0.06324564482919826
335210,0.01468363633871661
33522,0.08957082800361604
335220,0.01662857294695641
3353,0.042473032570342184
33531,0.06455194870613923
335311,0.050809305372695235
335312,0.04929216207142417
335313,0.050809224874228676
335314,0.0444314399275072
3359,0.02913233160688833
33591,0.00039854592932897503
335911,0.0015231200072776119
335912,0.0010769657249056763
33592,0.00048186291337515286
335921,0.0005875301711739667
335929,0.0007584715235680051
33593,0.0003762153104389654
335931,0.0014937604776719127
335932,0.000900933646789781
33599,7.50254558852248e-05
335999,0.001679126751611193
336,0.009626401661080308
3361,0.0036471363755481434
33611,0.0023789536585354654
336111,0.002005635403747874
336112,0.0010720450862748976
33612,0.001199356420585595
336120,0.00039978547483582707
3362,0.005344113093087799
33621,0.0046602053653259645
336211,0.002534116132210329
336212,0.002313117888661509
336214,0.0030453445531293255
3363,0.04786264614085667
33631,0.0323572275206061
336310,0.0069332050784396415
33632,0.030440713068401237
336320,0.006724292450599023
33633,0.02139590811054859
336330,0.005645616962397071
33634,0.020030767673688388
336340,0.005464295321644386
33635,0.023928792623564732
336350,0.005966823933931664
33636,0.026252912539575846
336360,0.0062469491235788155
33637,0.03044078328366595
336370,0.006724335403760051
33639,0.031411761215167644
336390,0.006830838953646889
3364,0.004790582028363133
33641,0.004448578303708928
336411,0.002370347090618452
336412,0.001803594652301399
336413,0.00230712385859988
336414,0.0007690235409540946
336415,0.0012159128818893805
3365,0.002790568413635956
33651,0.0015021897834449393
336510,0.001277798340771909
3366,0.003795325078044698
33661,0.0026468651494724327
336611,0.0013300939294254022
336612,0.0021720523743624653
3369,0.004034702167700743
33699,0.003690243823257333
336991,0.0019416886629528562
336992,0.0007926812202398992
336999,0.00244325812536772
337,0.04219857540738303
3371,0.0564787067942234
33711,0.012147538703175087
337110,0.00601351523437188
33712,0.058528953514951354
337121,0.03774264866433441
337122,0.061282330031872334
337124,0.037742657317437533
337125,0.0227596786262243
337127,0.037742646512924694
3372,0.03580680682125603
33721,0.058339380154848186
337211,0.04392139308572496
337212,0.062114111592677546
337214,0.038036984488087455
337215,0.047440432249004516
3379,0.02657560262628067
33791,0.005071667594393148
337910,0.0028340409326119698
33792,0.0025956062135037428
337920,0.0016301633091870826
339,0.09815678198719979
3391,0.08945360813413572
33911,0.012505369067184802
339112,0.002217641825609462
339113,0.002560705795076501
339114,0.0021232281455212387
339115,0.002024474629024553
339116,0.003946312179323286
3399,0.12168104263855639
33991,0.004965287181732947
339910,0.0027280786258643275
33992,0.006141568736666159
339920,0.0037319167564646705
33993,0.004274291206286307
339930,0.0027073070000369626
33994,0.003066922561714591
339940,0.0015036120820468568
33995,0.008716240675312292
339950,0.005121819727719412
33999,0.007753655490887468
339991,0.001813998664601968
339992,0.001813977578876802
339993,0.0014051152809315681
339994,0.0014051098379823657
339995,0.0012826088392010604
339999,0.00262874485622433
42,0.359204679611139
423,0.39849494182271883
4231,0.02964821701425535
42311,0.07638812660843541
423110,0.011147004912345437
42312,0.08228490481360495
423120,0.01154263406078826
42313,0.06433418505798727
423130,0.010117260198967415
42314,0.06208933007002315
423140,0.010139211631837952
4232,0.04386034976323572
42321,0.005793504357825441
423210,0.003690895163344976
42322,0.006004682491038693
423220,0.0038125991077322396
4233,0.20046374929734156
42331,0.11801989988998685
423310,0.006878622872136475
42332,0.10097836377940439
423320,0.007186944688328367
42333,0.08973374405604773
423330,0.007347546496703217
42339,0.08451571608748054
423390,0.007407156403019144
4234,0.01054031907915487
42341,0.014090949222975269
423410,0.004381394510801329
42342,0.03236198661579692
423420,0.006823781648563454
42343,0.03607180671860988
423430,0.007249709376992541
42344,0.031706163121043573
423440,0.006747094752654448
42345,0.03946622076546191
423450,0.0076291893019515555
42346,0.020752047726375622
423460,0.0053717999771834
42349,0.031038060502851295
423490,0.006668455280305352
4235,0.044453082005020406
42351,0.00730682942958083
423510,0.004304929404042923
42352,0.0029184724398874096
423520,0.0014703579224715213
4236,0.050113774224882945
42361,0.007127278667212522
423610,0.005058953762272722
42362,0.004472854709320018
423620,0.003268126494731405
42369,0.004669165174163936
423690,0.0034013630101981107
4237,0.14739463784462714
42371,0.06894521362937667
423710,0.004420248822952999
42372,0.07891220490228079
423720,0.004131854234401544
42373,0.07352341230625825
423730,0.004292460906981432
42374,0.04534042850173137
423740,0.00488948914608045
4238,0.02817341575428145
42381,0.02658810228422226
423810,0.006299683040651871
42382,0.03974355365653537
423820,0.008272322451830405
42383,0.031752930703078164
423830,0.00708714418396994
42384,0.030121902587779914
423840,0.006840745187673747
42385,0.029446282918115685
423850,0.006738115984035176
42386,0.023417930538698783
423860,0.00580359154071175
4239,0.10051629498411785
42391,0.021764542415667165
423910,0.0009972693405870814
42392,0.012701363729036075
423920,0.00014001637407545786
42393,0.030991709385943977
423930,0.002277519794915861
42394,0.017092552899839575
423940,0.00038737251247766835
42399,0.02967910213101277
423990,0.002091357544713901
424,0.5516714338154998
4241,0.12820129713827555
42411,0.06436962003428448
424110,0.01009774256606022
42412,0.1163736554544812
424120,0.010439540205879894
42413,0.10961152479399061
424130,0.010463487285505835
4242,0.007152786245569587
42421,0.0026813685481101857
424210,0.0036411527216841932
4243,0.007392047748908226
42431,0.0019827957006555152
424310,0.0026936233315382196
42432,0.0020800491264481025
424320,0.0028363684900796216
42433,0.001982804045383091
424330,0.0026936241520161275
42434,0.0010515507534023527
424340,0.0013473979394831304
4244,0.010016780244768597
42441,0.0030460610696536605
424410,0.003972093671109178
42442,0.001768463810094545
424420,0.0022324683359329356
42443,0.0024250112385288958
424430,0.003123314276990641
42444,0.0021237100497728534
424440,0.002713291612167268
42445,0.003362235990834961
424450,0.004405105655223451
42446,0.0014003926077066353
424460,0.0017382205788862848
42447,0.001701654264707031
424470,0.0021423568391583103
42448,0.0026489126385058626
424480,0.0034287942607988953
42449,0.003493200742013869
424490,0.004585338869219413
4245,0.008623646587466283
42451,0.0018271759362278317
424510,0.002392515638518944
42452,0.0019402655340172714
424520,0.002552064062285808
42459,0.002550241567860212
424590,0.0034176187016328186
4246,0.00790379744830716
42461,0.002114355689400327
424610,0.0027119424989905383
42469,0.003245355201215716
424690,0.004263892627932364
4247,0.011199960064914194
42471,0.0034997242424879005
424710,0.0043320849911197
42472,0.0041334557738537114
424720,0.005147031731667084
4248,0.0056240774856632925
42481,0.001968355809822242
424810,0.002757181993274571
42482,0.0018220237379864557
424820,0.002534755107262754
4249,0.028067267030564835
42491,0.033577139899080066
424910,0.00293138334654941
42492,0.010512258756307347
424920,0.00025563447275089857
42493,0.02614893303621102
424930,0.0018315586203243583
42494,0.014225235540834547
424940,0.00018555623023530643
42495,0.015145458337656237
424950,0.0003028809925353926
42499,0.022583387851454972
424990,0.001318064221777604
425,0.5827113134728279
4251,0.04792326492315624
42511,0.004890350204959759
425110,0.003832298802990408
42512,0.008219836505304556
425120,0.006103891413658857
441,0.18715423108369578
4411,0.035601179537479766
44111,0.26303024347726023
441110,0.027114331678603776
44112,0.27534622216353455
441120,0.0274742963092649
4412,0.28962593045343965
44121,0.027553534333605967
441210,0.0001788069805570558
44122,0.04131332130418741
441222,0.001476637098903666
441228,0.001906346811210824
4413,0.21969824050029274
44131,0.0627448426112096
441310,0.009880949666694505
44132,0.06319874565633654
441320,0.009922709472448332
442,0.30215429400413996
4421,0.2052020707342308
44211,0.019918778256396763
442110,0.006523677328914346
4422,0.18244194283761317
44221,0.010783246865685214
442210,0.005371996207941265
44229,0.0800175244885395
442291,0.03904099721276566
442299,0.0645871123742836
443,0.44672481757334026
4431,0.03867213078410714
44314,0.037366657623351784
443141,0.05520467480755542
443142,0.06645191418101604
444,0.21877058917016257
4441,0.36312083127268124
44411,0.01784302895248402
444110,0.007008874257735442
44412,0.012906537765616122
444120,0.005315751364832977
44413,0.017337854557808896
444130,0.006836709984781919
44419,0.013950076358014485
444190,0.0056759458802844165
4442,0.32132320364326006
44421,0.018055166807471323
444210,0.006378405725058656
44422,0.022418098805701447
444220,0.007649085444427328
445,0.28635254822438583
4451,0.03660193366522435
44511,0.20501431982847862
445110,0.020167352893622592
44512,0.20371667044810238
445120,0.02012075937818736
4452,0.18395830082999964
44521,0.025834533437773644
445210,0.0016586271131018293
44522,0.01882447771004081
445220,0.0006925420672132532
44523,0.023061315840323005
445230,0.0012694506688148977
44529,0.09377157084668397
445291,0.04785973045238734
445292,0.04391910029272594
445299,0.06211098276912708
4453,0.16092046909034252
44531,0.01631685634947644
445310,0.006651823761785636
446,0.3661044255059096
4461,0.17671999102458358
44611,0.17693013418465853
446110,0.011387493930669734
44612,0.1499095781955475
446120,0.011632447503870935
44613,0.1540300833062247
446130,0.01160225489138611
44619,0.3560769220930524
446191,0.1767817714001012
446199,0.16202312928180618
447,0.2013571171555668
4471,0.036559648033289704
44711,0.00726125089568086
447110,0.005673949024640024
44719,0.006745063136349927
447190,0.005284415576397805
448,0.4327889819869597
4481,0.1682101268452243
44811,0.15795652797532966
448110,0.020111639555352667
44812,0.21158349257530062
448120,0.022101592066974263
44813,0.1404518549908289
448130,0.01936918686737954
44814,0.1694631811678846
448140,0.020568871588693582
44815,0.14817959719516693
448150,0.01970473050482724
44819,0.16264698389477417
448190,0.020300660015436733
4482,0.02737554584382451
44821,0.006371527029841673
448210,0.004559537814202486
4483,0.09737376128850883
44831,0.06023984053308595
448310,8.083638977041119e-05
44832,0.023746344532980856
448320,0.0021716093038435247
44_45,0.10084858792833984
451,0.5630077769983473
4511,0.06494265642140817
45111,0.04405626551942987
451110,0.00848508277158544
45112,0.03236875686661733
451120,0.006949721148885146
45113,0.02889951539395952
451130,0.006476704121723742
45114,0.02889951557540371
451140,0.006476692699266096
4512,0.0038178630725269613
45121,0.15305260891523176
451211,0.17916835972232548
451212,0.07119429650273901
452,0.46238932784763165
4522,0.023750769159960328
45221,0.006056236095901113
452210,0.004529807807557518
4523,0.03147258474200498
45231,0.03262028050085064
452311,0.04721334147325251
452319,0.051823404952301644
453,0.44697499176254496
4531,0.026353078778811323
45311,0.007356026239904168
453110,0.006105497242970159
4532,0.022147678242617985
45321,0.004857620857819711
453210,0.00433072924897715
45322,0.006050462020539271
453220,0.005372129060560837
4533,0.022974558663008793
45331,0.0065861976027008495
453310,0.005379034853831399
4539,0.059838392161509546
45391,0.07958001869565123
453910,0.011398287042993616
45392,0.05409027386605203
453920,0.009581286934576383
45393,0.06741521145386287
453930,0.010566200061191466
45399,0.016209862475079717
453991,0.09831043483143276
453998,0.12632652780621356
454,0.5500472760868433
4541,0.023609020396179403
45411,0.006494084427686175
454110,0.0051911508289776975
4542,0.018207289045903963
45421,0.005313462849926509
454210,0.00411043256258381
4543,0.08103627087257337
45431,0.041222909510452155
454310,0.00297385639305503
45439,0.031680059054451704
454390,0.0017355520185446949
481,0.07863895177797531
4811,0.07609482744737761
48111,0.011494138383568497
481111,0.0010580926063994411
481112,0.0007053996636443571
4812,0.09367996464925454
48121,0.013813273145501626
481211,0.0009600148373465345
481212,0.0007658358167645929
481219,0.0007658554260601136
482,0.01477049877225145
4821,0.003733569940249204
48211,0.0014341672443132225
482111,0.0005781322882118942
482112,0.0005781920237692972
483,0.022471616377060855
4831,0.002101422474993342
48311,0.0002560368220656528
483111,0.013021400682760031
483112,0.0
483113,0.0003675508901110902
483114,0.006779808259892661
4832,0.0005887316351689265
48321,0.00021636971112037884
483211,0.00013296490401693006
484,0.13164387541473843
4841,0.030982669290096965
48411,0.20213357808916044
484110,0.020535044988719164
48412,0.030698687041876838
484121,0.22425998352991883
484122,0.17637692225616775
4842,0.3414967601420358
48421,0.0659758802826218
484210,0.003359226990141906
48422,0.11493650086958951
484220,0.0013069428041490028
48423,0.09795102376392606
484230,0.0020714801221402013
485,0.05865614978119993
4851,0.004658933481778149
48511,0.00308581416902598
485111,0.0011594793725180352
485113,0.0015556386720163573
485119,0.0013719134040854897
4852,0.004607103788742961
48521,0.002105887057155087
485210,0.0017193940669812946
4853,0.0837914262161803
48531,0.06850004020202505
485310,0.011840567268166069
48532,0.06659120297359777
485320,0.011715193035684024
4854,0.00547878318454309
48541,0.0026158239795108784
485410,0.00223293487337628
4855,0.0059195273450995955
48551,0.002740283868206461
485510,0.002334662059126913
4859,0.02196985964610576
48599,0.1405000361646671
485991,0.13786529470780806
485999,0.09294870765756968
486,0.040225311008839526
4861,0.00326048407556101
48611,0.001693469020295879
486110,0.0014322999497906608
4862,0.004949243125054181
48621,0.002590572186988993
486210,0.002301924042342307
4869,0.0047600201606883275
48691,0.0020278256778851755
486910,0.0017896922206119825
48699,0.0010454710296272651
486990,0.00034849033166040044
487,0.021003651759201603
4871,0.0022108543388696944
48711,0.0015973673032192437
487110,0.0014785039228115693
4872,0.003509919645537707
48721,0.001736475852439412
487210,0.0014409019058234662
4879,0.002834907451912727
48799,0.00112402547577517
487990,0.0007696902089904256
488,0.02661460085437284
4881,0.03447748635971948
48811,0.049725654502708494
488111,0.0030230204820099263
488119,0.008370360228354912
48819,0.0728999232633214
488190,0.010840750065653992
4882,0.024108921913011727
48821,0.005502658222667378
488210,0.003347463011778018
4883,0.015938761353027076
48831,0.001963029263656324
488310,0.0014649317018609054
48832,0.0019630194547062274
488320,0.0014649290815214044
48833,0.0024292905138167953
488330,0.0017690715105800336
48839,0.0019630226624087754
488390,0.0014649305324212492
4884,0.041580294719096855
48841,0.007551746920626101
488410,0.005559911311365795
48849,0.004460233310510375
488490,0.0033755067775018688
4885,0.04026889110718912
48851,0.0076769387924287
488510,0.005106000997329829
4889,0.03055514586526442
48899,0.006614396962731917
488991,0.002989526687883881
488999,0.0031959432876647043
48_49,0.10240819692262448
491,0.025925138390064717
4911,0.005425219458409458
49111,0.002390016549576046
491110,0.001950068699102303
492,0.056657703269593185
4921,0.007531560702773277
49211,0.004885132038907614
492110,0.004668185825721594
4922,0.006829167848536599
49221,0.004458644427359104
492210,0.004248381001161761
493,0.06831364710524213
4931,0.054098706219519954
49311,0.034598549638758413
493110,0.0014190171496011317
49312,0.023206338315503672
493120,0.0001676800657151034
49313,0.028012843447413616
493130,0.0006810147701798996
49319,0.027194666742843765
493190,0.0005918087601912703
51,0.14170346896571573
511,0.06404456940799719
5111,0.04617959934512328
51111,0.003071537355936016
511110,0.005869658137271472
51112,0.0020152569052243052
511120,0.003671315978635903
51113,0.0015398283260310563
511130,0.0026986760997260717
51114,0.0013515337537626237
511140,0.0023191433309932563
51119,0.0010739512057398315
511199,0.0017693373582972072
5112,0.030656381597509608
51121,0.0010287701989000197
511210,0.003866636208840646
512,0.13045822844287613
5121,0.08838426535112376
51211,0.04214557779778261
512110,0.00792315560647694
51212,0.018227919510813706
512120,0.0051896000289772815
51213,0.05616598996448374
512131,0.008957051298693841
512132,0.0024155413928355074
51219,0.13440188706312028
512191,0.09672718068560471
512199,0.07755427016388694
5122,0.06676545920481658
51223,0.004515051263997094
512230,0.002297597353063452
51224,0.006041744097160517
512240,0.002878116365053529
51225,0.006563384368007519
512250,0.0030711545782082794
51229,0.004854070059309379
512290,0.002428959977436307
515,0.0032990330382745015
5151,0.06034559174440801
51511,0.06670362663157903
515111,0.00586070416579787
515112,0.00872714775869099
51512,0.03280429952428676
515120,0.007118333369362517
5152,0.003686470950469811
51521,0.0022999483126113773
515210,0.002085718027956318
517,0.1040232886080048
5173,0.09485102014878066
51731,0.10131462700519478
517311,0.11146083848143462
517312,0.07972588717439066
5174,0.02128489514824139
51741,0.0024517672343336017
517410,0.0008283184664037435
5179,0.07003356440418429
51791,0.0007981784183357377
517911,0.004175055743871781
517919,0.002579827677436697
518,0.007181299639341887
5182,0.004816697011847282
51821,0.004619916047886363
518210,0.004603651177603751
519,7.39846673241118e-05
5191,0.055044434048795665
51911,0.027146999361661983
519110,0.006887539358999106
51912,0.034056460949670964
519120,0.007627102481393422
51913,0.06311009628188913
519130,0.010084011702929274
51919,0.03854273102686534
519190,0.008060986052981889
52,0.01543417907669209
521,0.02092054427930634
5211,0.005612828945459114
52111,0.0015307715239032404
521110,0.0005102571753923257
522,0.18078386069100816
5221,0.4478000839444576
52211,0.1094211472736788
522110,0.0019741173600777984
52212,0.0472860480149393
522120,0.0041832596059521165
52213,0.08782698147933843
522130,0.0028709914613500587
52219,0.06515555379911575
522190,0.0036955779985987647
5222,0.3678686233870394
52221,0.015485138502640439
522210,0.0049969636405649
52222,0.0613063075293212
522220,0.00964581365315098
52229,0.0036393693735590205
522291,0.0878479928546767
522292,0.06652877285250725
522293,0.028185526261808036
522294,0.02130625377957074
522298,0.0825188088952018
5223,0.2979641379079112
52231,0.018473209025842152
522310,0.005079923434323064
52232,0.018473202813765965
522320,0.005079920149000827
52239,0.016137003285393803
522390,0.004740634296808821
523,0.2964768307574559
5231,0.08108541608999076
52311,0.03259341461216536
523110,0.0007155003834213858
52312,0.05421267674773844
523120,0.0010046166971733328
52313,0.013378776746250765
523130,0.0017720798507383506
52314,0.012034270089209542
523140,0.0017965103218173795
5232,0.029671033201275065
52321,0.004880020324762313
523210,7.768030460653108e-05
5239,0.16380648800441122
52391,0.029683083416216505
523910,0.006538426632459959
52392,0.029179264035519736
523920,0.006471775813679415
52393,0.03770505933334789
523930,0.007571783388812037
52399,0.12802074798082685
523991,0.0985858845164671
523999,0.0697107426212824
524,0.012620595240150578
5241,0.30759818455408094
52411,0.11788086657361418
524113,0.07826583999667491
524114,0.05534230214834679
52412,0.026035384340502787
524126,0.04651286961234291
524127,0.012900458468038778
524128,0.01166894710354427
52413,0.014417155632145295
524130,0.0016951610130035988
5242,0.11896090508525958
52421,0.06337472396990051
524210,0.009984635631553829
52429,0.0038647563396807527
524291,0.05363509062090088
524292,0.046040290729251865
524298,0.0543361082852698
525,0.0840009852224739
5251,0.013862450111446378
52511,0.00239590977398052
525110,0.0015727888073229224
52512,0.00222126691937774
525120,0.0019882043229557667
52519,0.0025110210913226183
525190,0.0016984191291840034
5259,0.08109334229703791
52591,0.03638532782457915
525910,0.009398487800364563
52592,0.07165874479971279
525920,0.012762783307628922
52599,0.05027196916489629
525990,0.01115355305068988
53,0.06931515141332056
531,0.023621641754289158
5311,0.06318181511232979
53111,0.044740368795828545
531110,0.00870507447507407
53112,0.03553519627894275
531120,0.007456312780959706
53113,0.03587720328323485
531130,0.007503395015191927
53119,0.03587716657716555
531190,0.007503433320607655
5312,0.08858495774620678
53121,0.011486430135846604
531210,0.005535006341233384
5313,0.04750548989250092
53131,0.02327930867613759
531311,0.1872248364652478
531312,0.14607076984157175
53132,0.1354889298559101
531320,0.01595392180502131
53139,0.10231388577199141
531390,0.01432867693370099
532,0.06545941852164106
5321,0.06427750589682546
53211,0.055543222314099694
532111,0.0005711671055905754
532112,0.0002743780606238033
53212,0.05466540241468465
532120,0.00140321467006288
5322,0.07090494641579426
53221,0.0281657967728961
532210,0.002040660259183369
53228,0.06173018700519606
532281,0.0006789152479882432
532282,0.0006161100214256976
532283,0.001104583243431989
532284,0.0006586471270679795
532289,0.0013172856306482572
5323,0.003710690129878458
53231,0.004224584010557919
532310,0.004269735656521334
5324,0.05912863964749704
53241,0.021697421961107466
532411,0.03620257622126388
532412,0.08972731199401096
53242,0.030467632836803205
532420,0.006938007766336796
53249,0.05778419219177522
532490,0.00944999849366468
533,0.0349657766571454
5331,0.0067934153041733225
53311,0.0033596150827861493
533110,0.0029471042178101925
54,0.11544052243698388
541,0.26549239840824157
5411,0.17884447056712816
54111,0.08144297919716337
541110,0.01132656692789169
54119,0.13314472404135813
541191,0.05945037783544649
541199,0.05573096257580801
5412,0.20470386547094677
54121,0.02638343108992558
541211,0.005483170116349356
541213,0.005726981919451646
541214,0.0038771800818722113
541219,0.005766593608313997
5413,0.28986198706843425
54131,0.009493890025623841
541310,0.004540624473520438
54132,0.008385194130141826
541320,0.004084771985617408
54133,0.011948061001021415
541330,0.005539794026844902
54134,0.008086023530097464
541340,0.003961133498904701
54135,0.008086010980605352
541350,0.003961117144626769
54136,0.007119446315044797
541360,0.0035591989630177068
54137,0.013346905743674142
541370,0.006105210975192676
54138,0.010372778394412308
541380,0.00489975206892268
5414,0.29291522777020873
54141,0.016859579736319574
541410,0.005487750302108907
54142,0.008004738993690808
541420,0.0031684072680491226
54143,0.018037835375253053
541430,0.005783325678294204
54149,0.010138213573554822
541490,0.003752176459443035
5415,0.2698399465880357
54151,0.028327948894002475
541511,0.005082603052869672
541512,0.0052709546325786505
541513,0.004887069159849489
541519,0.0044155772670819715
5416,0.192340348228754
54161,0.008885910116077866
541611,0.12469268196218763
541612,0.10659334692263656
541613,0.1293994562474836
541614,0.131689872008792
541618,0.11727809366266229
54162,0.10148166976614448
541620,0.013872118416202284
54169,0.13587235368140682
541690,0.0156320107139436
5417,0.17976874696978484
54171,0.09203381042061665
541713,0.003988592241086053
541714,0.00753887712926371
541715,0.009884357966257085
54172,0.06047175692856399
541720,0.010464435676112771
5418,0.2624792263886775
54181,0.04436039595202601
541810,0.008129462175929802
54182,0.03633209587997044
541820,0.007284501556341638
54183,0.012088963802341368
541830,0.0041099265229718185
54184,0.034951460623688035
541840,0.007134257478355721
54185,0.036332184341972606
541850,0.007284425211310008
54186,0.024398988656685106
541860,0.005906100126480851
54187,0.023420210865452873
541870,0.005782536981229214
54189,0.043790328858904104
541890,0.008071117284998763
5419,0.3699865861199214
54191,0.023890870104196438
541910,0.0015779584718984552
54192,0.11753307461981422
541921,0.07051401563728632
541922,0.04927773945399849
54193,0.02389088797281147
541930,0.0015779614145685628
54194,0.05897571064269869
541940,0.0008975088112492813
54199,0.047417894901172986
541990,2.5140680008917116e-06
55,0.13429150494630449
551,0.015636523137800395
5511,0.009052339984918945
55111,0.04739192516717594
551111,0.03482752188210725
551112,0.03716751453248435
551114,0.04679810837842524
56,0.05268292932305485
561,0.19458766235038638
5611,0.05373144499026239
56111,0.008700584312464343
561110,0.005008922336855903
5612,0.04207034247156116
56121,0.007533193347626366
561210,0.00412178952137765
5613,0.07084041074267589
56131,0.043811661747895414
561311,0.08432992589951027
561312,0.05382651788340809
56132,0.12777683675813023
561320,0.01514860414317809
56133,0.13719299883086933
561330,0.015600722246745136
5614,0.09456939395386144
56141,0.019484432893932535
561410,0.001482461977047933
56142,0.019754949888010742
561421,0.0014974717255427095
561422,0.0016555181737203384
56143,0.2006781906661672
561431,0.172358467381855
561439,0.17777414703459726
56144,0.01919249442698856
561440,0.001435457650131866
56145,0.008770147323957644
561450,0.00010836035653483123
56149,0.0409774078443661
561491,0.03186253221451807
561492,0.059995176896791236
561499,0.057641479854737554
5615,0.015765251991979312
56151,0.05869277810506901
561510,0.009698929363366915
56152,0.031588152618951426
561520,0.007312806817139972
56159,0.05885038167912171
561591,0.007569709965139282
561599,0.006639081064918173
5616,0.23219996774423635
56161,0.1452697747881757
561611,0.004238643236590178
561612,0.004594616442773258
561613,0.0021193199743265723
56162,0.14574515990716463
561621,0.0055940332713362295
561622,0.004746689647618041
5617,0.025196027738275006
56171,0.10057279510601802
561710,0.012808909168597893
56172,0.09825706347692176
561720,0.01266850213505677
56173,0.0858264177077217
561730,0.011896366129803937
56174,0.08036648465736107
561740,0.011545689281319937
56179,0.09098589243922106
561790,0.012220868846270605
5619,0.000536031810042914
56191,0.04356857335312725
561910,0.008093311959100902
56192,0.046521667999968486
561920,0.008372157859412255
56199,0.05197165341087384
561990,0.008873135886460659
562,0.23725847347304807
5621,0.012293141337067937
56211,0.005928088228756678
562111,0.005127764651660982
562112,0.0018256603636928048
562119,0.003162138510447221
5622,0.009010735584752183
56221,0.004755478204060637
562211,0.002175730755141103
562212,0.0030252344802192965
562213,0.0009730190699528407
562219,0.0021757301249181182
5629,0.0684585656767922
56291,0.03581085721816635
562910,0.00015454384833901713
56292,0.0247661127802985
562920,0.0007523340680108959
56299,0.04253291934173831
562991,0.0012685220574439882
562998,0.0008159571352734929
61,0.14402488349878695
611,0.042280144480173476
6111,0.06369443377116113
61111,0.009564906569721643
611110,0.0054441003303509206
6112,0.028360530279144314
61121,0.006049336702915298
611210,0.0029894827442262795
6113,0.04899292012487422
61131,0.008213674136641202
611310,0.004408710661664372
6114,0.12501733628118927
61141,0.015866035394004996
611410,0.003192088944430793
61142,0.040775324291530524
611420,0.002892392118610587
61143,0.056491529857112255
611430,0.0022495439021668062
6115,0.0457530097792187
61151,0.0614517847488969
611511,0.03433665494003435
611512,0.04432847144221341
611513,0.048559401000659363
611519,0.06268988822967003
6116,0.03224872432292614
61161,0.08403566340234647
611610,0.011923213020963885
61162,0.09266491974813107
611620,0.012453019628082984
61163,0.03250139563556331
611630,0.007958504712064496
61169,0.0254470025088267
611691,0.05563241423442378
611692,0.058439066196967815
611699,0.05934513747092751
6117,0.053017110157725256
61171,0.008594034190991806
611710,0.004690873894105607
62,0.32448782440042123
621,0.20704373251646757
6211,0.15478729640017264
62111,0.029493635971448384
621111,0.07431309978710487
621112,0.04746126390500649
6212,0.15896126566804014
62121,0.0178977828763891
621210,0.00561730714616715
6213,0.14569096820196137
62131,0.014970484329751343
621310,0.005470535033964552
62132,0.016941248147759325
621320,0.006052006750906003
62133,0.012906824049878196
621330,0.004855738501191809
62134,0.017644082503466052
621340,0.0062583558828919195
62139,0.20720811932369543
621391,0.20698771665956883
621399,0.26515638601904357
6214,0.09810995590305538
62141,0.056501250726853414
621410,0.010111217918392867
62142,0.0874708040414589
621420,0.012183195953184622
62149,0.15776605562678014
621491,0.016749420120959257
621492,0.03427492800892651
621493,0.027775766529430257
621498,0.024416261524947913
6215,0.1879464122466743
62151,0.031072030233190162
621511,0.06619132073501532
621512,0.04861679730038304
6216,0.1855225871768198
62161,0.019017990493011894
621610,0.006164972048281925
6219,0.1364937504149566
62191,0.06595304243637656
621910,0.010091414834278112
62199,0.1333405381205921
621991,0.03936649151523852
621999,0.06899170374754249
622,0.20998780289664865
6221,0.04385200343676843
62211,0.008224929217249155
622110,0.005680136877344921
6222,0.029838577712780534
62221,0.006348781832912209
622210,0.004082950575138966
6223,0.021417256162749254
62231,0.005130978613124171
622310,0.0031356523613794707
623,0.11382109712576494
6231,0.035669343822519295
62311,0.0033000231451296713
623110,0.005852611575392075
6232,0.02818972230761574
62321,0.0016095907458293368
623210,0.002900208647133695
62322,0.0024017817781896156
623220,0.004571928983750695
6233,0.022327688478981145
62331,0.14910516832969734
623311,0.1139685339112475
623312,0.16117601962105255
6239,0.023572476285153243
62399,0.0015983770722414192
623990,0.0038755855812269147
624,0.2203656378260348
6241,0.03928155746689299
62411,0.08738833852066819
624110,0.012035896932957257
62412,0.13068051488517085
624120,0.014581395844288636
62419,0.11561446556152077
624190,0.013725426871133095
6242,0.05182930374485295
62421,0.008141806685785014
624210,0.003967732879459618
62422,0.06211326002176065
624221,0.0772168373475779
624229,0.05929848441064678
62423,0.008141780932191978
624230,0.003967736246522691
6243,0.05835444454714889
62431,0.009129082697654667
624310,0.005302058089910133
6244,0.06582485952822026
62441,0.009821934745559702
624410,0.00586849970932235
71,0.016942889866186306
711,0.18936646180554817
7111,0.09469647223249922
71111,0.04725048928946762
711110,0.009288451013958365
71112,0.03638363741720241
711120,0.008314308577325846
71113,0.05904011560141953
711130,0.010205637655417377
71119,0.032100764468552256
711190,0.007878289537771366
7112,0.011067299577007361
71121,0.13470221048419262
711211,0.10726790949183851
711212,0.0946014255034413
711219,0.123862343936878
7113,0.05639173187955748
71131,0.06583093259246198
711310,0.005333550091108918
71132,0.06287304668592242
711320,0.00538556852450256
7114,0.019480515780685437
71141,0.00015079257775596489
711410,0.0025090339416351526
7115,0.028226151104490782
71151,0.001018745734654658
711510,0.0037186596027822816
712,0.11315277529502055
7121,0.012913829933040688
71211,0.0023824126385534328
712110,0.0033440106337820907
71212,0.0013652157645651641
712120,0.0018248941490952575
71213,0.002881425393752579
712130,0.0013720477802507958
71219,0.0029953043391515166
712190,0.0017602167864652074
713,0.09072411596571328
7131,0.04290580289625723
71311,0.004409326825452808
713110,0.0030323356270400836
71312,0.006300723361846394
713120,0.00365407586400579
7132,0.031054105016551148
71321,0.0005453114820239691
713210,0.00042227995679233743
71329,0.0029894927069733512
713290,0.0008259010554922952
7139,0.028926220093126176
71391,0.04044057440478355
713910,0.008230516363255447
71393,0.023736242704785582
713930,0.0058059650023096765
71394,0.034075043360644486
713940,0.007329265719818068
71395,0.026766195138179683
713950,0.006263019487960264
71399,0.03662117888688954
713990,0.007692145453802368
72,0.38363203359767795
721,0.45882828877074644
7211,0.09013811732438626
72111,0.0628227976267226
721110,0.009972816638764925
72112,0.010524459918640629
721120,0.0033151973469604233
72119,0.04410685552193172
721191,0.006233960882923384
721199,0.005619232917297268
7212,0.10790919174837654
72121,0.0135239489839023
721211,0.004266308292585563
721214,0.003894640052635623
7213,0.04449532396745326
72131,0.008788482909494633
721310,0.003271545064080783
722,0.5750369348679669
7223,0.21572104556980776
72231,0.04115166915471491
722310,0.008319959893924533
72232,0.03420319922770432
722320,0.007339011342992308
72233,0.024727625225352767
722330,0.005953233269309521
7224,0.10217619139893941
72241,0.006693716942208994
722410,0.002625054191412346
7225,0.15505743230460212
72251,0.21155167708639055
722511,0.21278234021156095
722513,0.14151342422701418
722514,0.2266522461977729
722515,0.23420924867969006
81,0.02542140387231484
811,0.0892431055472116
8111,0.27106613372598076
81111,0.14809283199247147
811111,0.1372085502189293
811112,0.09862489232688176
811113,0.11749836719707218
811118,0.11749836925764612
81112,0.34491497079943656
811121,0.03504499236532865
811122,0.022336877414204537
81119,0.048846160716493614
811191,0.2553824858127882
811192,0.24367963141412474
811198,0.20695728294379023
8112,0.023430174329405418
81121,0.04524106290136842
811211,0.0348510921610341
811212,0.05181602088168802
811213,0.04076863741005354
811219,0.0423076340565558
8113,0.023099557800378534
81131,0.003368404863977048
811310,0.0052703323744935915
8114,0.025697485614728066
81141,0.038626849147817666
811411,0.0009408996167223904
811412,0.0011978249232242888
81142,0.02804936124107371
811420,2.2776536923174717e-05
81143,0.021996780183563658
811430,0.0005147082083780674
81149,0.03522115070700238
811490,0.0007116927404240414
812,0.12449384783394635
8121,0.2592306595888658
81211,0.08711400572974526
812111,0.03529141144872483
812112,0.044820156501373276
812113,0.04743316865960878
81219,0.0883341077105797
812191,0.051038541899060874
812199,0.07726347683183121
8122,0.37021459872903506
81221,0.08848856830536533
812210,0.0001747399801388383
81222,0.05106367776863863
812220,0.0019246070892222633
8123,0.16401966598186846
81231,0.08987639476379172
812310,0.012313036417822332
81232,0.10424388260253181
812320,0.013162850675598747
81233,0.06996983774615728
812331,0.007866203232879343
812332,0.008215975180974056
8129,0.3686522456973762
81291,0.1077991171832764
812910,0.004783147690886835
81292,0.17268668820933897
812921,0.10509053946745439
812922,0.09101108017870274
81293,0.0478607502864179
812930,0.005904774211558106
81299,0.11277890989640582
812990,0.004637263607946807
813,0.04209638148313388
8131,0.05467875144768186
81311,0.008740006516291032
813110,0.004665120251956978
8132,0.024381443810398196
81321,0.11535489657171638
813211,0.1447628658861504
813212,0.12283534225912263
813219,0.11213282414723835
8133,0.0667369088396299
81331,0.059342776606172265
813311,0.03915196533762355
813312,0.04389809475242146
813319,0.04237515918475765
8134,0.06764495973493467
81341,0.009877741696072917
813410,0.005538815232284833
8139,0.04026586520831188
81391,0.051286504618019535
813910,0.009421864193882357
81392,0.02539874647027318
813920,0.005989707914977771
81393,0.02216125610857489
813930,0.00552075854125178
81394,0.01974757292771301
813940,0.005158921610927791
81399,0.030531929898188537
813990,0.006705511511199802
814,0.10448206187857068
8141,0.012576921187246626
81411,0.005978667566523654
814110,0.005507323327492486
99,0.12861265745959827
999,0.015064198512845905
9999,0.005369689602957806
99999,0.0045421250542858616
999999,0.0044719740508298855
